date,open,high,low,close,Volume
2020-01-01,1.91919994,1.91919994,1.91919994,1.91919994,0.0
2020-01-02,1.921,1.94400001,1.85259998,1.87890005,0.0
2020-01-03,1.87709999,1.87709999,1.7881,1.78980005,0.0
2020-01-04,1.78980005,1.78980005,1.78980005,1.78980005,0.0
2020-01-05,1.78980005,1.78980005,1.78980005,1.78980005,0.0
2020-01-06,1.76900005,1.8125,1.76380002,1.81079996,0.0
2020-01-07,1.80900002,1.82819998,1.79509997,1.82120001,0.0
2020-01-08,1.81079996,1.87549996,1.71700001,1.87549996,0.0
2020-01-09,1.87380004,1.90020001,1.84930003,1.85800004,0.0
2020-01-10,1.85450006,1.86860001,1.8161,1.82309997,0.0
2020-01-11,1.82309997,1.82309997,1.82309997,1.82309997,0.0
2020-01-12,1.82309997,1.82309997,1.82309997,1.82309997,0.0
2020-01-13,1.81959999,1.85290003,1.81959999,1.84759998,0.0
2020-01-14,1.84759998,1.86160004,1.81089997,1.81260002,0.0
2020-01-15,1.81089997,1.81789994,1.77950001,1.78470004,0.0
2020-01-16,1.78639996,1.81959999,1.77769995,1.80910003,0.0
2020-01-17,1.80910003,1.84780002,1.80910003,1.82319999,0.0
2020-01-18,1.82319999,1.82319999,1.82319999,1.82319999,0.0
2020-01-19,1.82319999,1.82319999,1.82319999,1.82319999,0.0
2020-01-20,1.82319999,1.82319999,1.82319999,1.82319999,0.0
2020-01-21,1.82319999,1.82319999,1.76730001,1.77600002,0.0
2020-01-22,1.77429998,1.79180002,1.76209998,1.77079999,0.0
2020-01-23,1.76909995,1.76909995,1.71510005,1.7342,0.0
2020-01-24,1.73080003,1.7586,1.67180002,1.68570006,0.0
2020-01-25,1.68570006,1.68570006,1.68570006,1.68570006,0.0
2020-01-26,1.68570006,1.68570006,1.68570006,1.68570006,0.0
2020-01-27,1.62699997,1.65279996,1.59940004,1.60969996,0.0
2020-01-28,1.61319995,1.66139996,1.57369995,1.65799999,0.0
2020-01-29,1.66139996,1.6631,1.58050001,1.58560002,0.0
2020-01-30,1.58050001,1.59080005,1.53600001,1.58729994,0.0
2020-01-31,1.59070003,1.59759998,1.50510001,1.50510001,0.0
2020-02-01,1.50510001,1.50510001,1.50510001,1.50510001,0.0
2020-02-02,1.50510001,1.50510001,1.50510001,1.50510001,0.0
2020-02-03,1.52040005,1.57340002,1.51530004,1.52890003,0.0
2020-02-04,1.52550006,1.61290002,1.5187,1.60080004,0.0
2020-02-05,1.60259998,1.65600002,1.57669997,1.65260005,0.0
2020-02-06,1.64909995,1.68200004,1.63349998,1.64390004,0.0
2020-02-07,1.64390004,1.64909995,1.57659996,1.58519995,0.0
2020-02-08,1.58519995,1.58519995,1.58519995,1.58519995,0.0
2020-02-09,1.58519995,1.58519995,1.58519995,1.58519995,0.0
2020-02-10,1.56280005,1.59889996,1.54560006,1.57140005,0.0
2020-02-11,1.56280005,1.604,1.549,1.601,0.0
2020-02-12,1.604,1.639,1.5902,1.637,0.0
2020-02-13,1.637,1.637,1.568,1.622,0.0
2020-02-14,1.619,1.619,1.573,1.587,0.0
2020-02-15,1.587,1.587,1.587,1.587,0.0
2020-02-16,1.587,1.587,1.587,1.587,0.0
2020-02-17,1.5883,1.5883,1.5883,1.5883,0.0
2020-02-18,1.5883,1.5883,1.537,1.563,0.0
2020-02-19,1.563,1.587,1.547,1.568,0.0
2020-02-20,1.568,1.581,1.508,1.519,0.0
2020-02-21,1.519,1.5254,1.439,1.476,0.0
2020-02-22,1.476,1.476,1.476,1.476,0.0
2020-02-23,1.476,1.476,1.476,1.476,0.0
2020-02-24,1.4696,1.4696,1.352,1.372,0.0
2020-02-25,1.374,1.416,1.309,1.354,0.0
2020-02-26,1.355,1.382,1.304,1.342,0.0
2020-02-27,1.335,1.3471,1.242,1.262,0.0
2020-02-28,1.264,1.2988,1.119,1.154,0.0
2020-02-29,1.154,1.154,1.154,1.154,0.0
2020-03-01,1.154,1.154,1.154,1.154,0.0
2020-03-02,1.111,1.167,1.031,1.167,0.0
2020-03-03,1.167,1.173,0.908,1.002,0.0
2020-03-04,1.004,1.064,0.931,1.057,0.0
2020-03-05,1.054,1.055,0.902,0.915,0.0
2020-03-06,0.915,0.9248,0.663,0.765,0.0
2020-03-07,0.765,0.765,0.765,0.765,0.0
2020-03-08,0.765,0.765,0.765,0.765,0.0
2020-03-09,0.542,0.599,0.333,0.542,0.0
2020-03-10,0.545,0.811,0.545,0.811,0.0
2020-03-11,0.808,0.895,0.638,0.876,0.0
2020-03-12,0.873,0.906,0.644,0.806,0.0
2020-03-13,0.82,1.022,0.726,0.976,0.0
2020-03-14,0.976,0.976,0.976,0.976,0.0
2020-03-15,0.976,0.976,0.976,0.976,0.0
2020-03-16,0.645,0.859,0.637,0.724,0.0
2020-03-17,0.724,1.103,0.721,1.083,0.0
2020-03-18,1.087,1.261,1.01,1.201,0.0
2020-03-19,1.2,1.279,1.02,1.142,0.0
2020-03-20,1.149,1.279,0.853,0.853,0.0
2020-03-21,0.853,0.853,0.853,0.853,0.0
2020-03-22,0.853,0.853,0.853,0.853,0.0
2020-03-23,0.831,0.876,0.696,0.793,0.0
2020-03-24,0.793,0.895,0.763,0.851,0.0
2020-03-25,0.851,0.877,0.784,0.872,0.0
2020-03-26,0.87,0.875,0.773,0.856,0.0
2020-03-27,0.853,0.853,0.671,0.684,0.0
2020-03-28,0.684,0.684,0.684,0.684,0.0
2020-03-29,0.684,0.684,0.684,0.684,0.0
2020-03-30,0.659,0.731,0.599,0.73,0.0
2020-03-31,0.731,0.731,0.651,0.673,0.0
2020-04-01,0.676,0.676,0.571,0.579,0.0
2020-04-02,0.585,0.636,0.569,0.589,0.0
2020-04-03,0.6,0.621,0.568,0.601,0.0
2020-04-04,0.601,0.601,0.601,0.601,0.0
2020-04-05,0.601,0.601,0.601,0.601,0.0
2020-04-06,0.631,0.684,0.623,0.676,0.0
2020-04-07,0.676,0.784,0.673,0.714,0.0
2020-04-08,0.714,0.777,0.696,0.777,0.0
2020-04-09,0.774,0.778,0.714,0.7381,0.0
2020-04-10,0.7222,0.7222,0.7222,0.7222,0.0
2020-04-11,0.7222,0.7222,0.7222,0.7222,0.0
2020-04-12,0.7222,0.7222,0.7222,0.7222,0.0
2020-04-13,0.722,0.774,0.72,0.774,0.0
2020-04-14,0.776,0.776,0.728,0.754,0.0
2020-04-15,0.755,0.755,0.622,0.633,0.0
2020-04-16,0.633,0.658,0.595,0.63,0.0
2020-04-17,0.627,0.691,0.587,0.646,0.0
2020-04-18,0.646,0.646,0.646,0.646,0.0
2020-04-19,0.646,0.646,0.646,0.646,0.0
2020-04-20,0.651,0.651,0.612,0.612,0.0
2020-04-21,0.608,0.622,0.544,0.572,0.0
2020-04-22,0.572,0.635,0.548,0.621,0.0
2020-04-23,0.622,0.638,0.591,0.605,0.0
2020-04-24,0.603,0.621,0.58,0.606,0.0
2020-04-25,0.606,0.606,0.606,0.606,0.0
2020-04-26,0.606,0.606,0.606,0.606,0.0
2020-04-27,0.605,0.664,0.604,0.664,0.0
2020-04-28,0.664,0.671,0.599,0.616,0.0
2020-04-29,0.616,0.641,0.583,0.63,0.0
2020-04-30,0.63,0.649,0.583,0.639,0.0
2020-05-01,0.639,0.648,0.596,0.62,0.0
2020-05-02,0.62,0.62,0.62,0.62,0.0
2020-05-03,0.62,0.62,0.62,0.62,0.0
2020-05-04,0.6402,0.651,0.596,0.637,0.0
2020-05-05,0.638,0.678,0.63,0.665,0.0
2020-05-06,0.665,0.741,0.6572,0.706,0.0
2020-05-07,0.706,0.717,0.62,0.642,0.0
2020-05-08,0.644,0.686,0.607,0.685,0.0
2020-05-09,0.685,0.685,0.685,0.685,0.0
2020-05-10,0.685,0.685,0.685,0.685,0.0
2020-05-11,0.696,0.726,0.672,0.713,0.0
2020-05-12,0.712,0.724,0.66,0.667,0.0
2020-05-13,0.665,0.672,0.635,0.656,0.0
2020-05-14,0.654,0.656,0.604,0.625,0.0
2020-05-15,0.622,0.649,0.593,0.646,0.0
2020-05-16,0.646,0.646,0.646,0.646,0.0
2020-05-17,0.646,0.646,0.646,0.646,0.0
2020-05-18,0.643,0.74,0.636,0.729,0.0
2020-05-19,0.729,0.744,0.688,0.69,0.0
2020-05-20,0.691,0.719,0.67,0.683,0.0
2020-05-21,0.69,0.69,0.654,0.674,0.0
2020-05-22,0.675,0.68,0.628,0.657,0.0
2020-05-23,0.657,0.657,0.657,0.657,0.0
2020-05-24,0.657,0.657,0.657,0.657,0.0
2020-05-25,0.6591,0.6591,0.6558,0.6558,0.0
2020-05-26,0.657,0.708,0.656,0.698,0.0
2020-05-27,0.7,0.729,0.664,0.685,0.0
2020-05-28,0.685,0.711,0.67,0.692,0.0
2020-05-29,0.692,0.697,0.643,0.656,0.0
2020-05-30,0.656,0.656,0.656,0.656,0.0
2020-05-31,0.656,0.656,0.656,0.656,0.0
2020-06-01,0.654,0.687,0.644,0.662,0.0
2020-06-02,0.659,0.688,0.648,0.687,0.0
2020-06-03,0.685,0.771,0.685,0.749,0.0
2020-06-04,0.749,0.828,0.736,0.827,0.0
2020-06-05,0.828,0.955,0.8,0.898,0.0
2020-06-06,0.898,0.898,0.898,0.898,0.0
2020-06-07,0.898,0.898,0.898,0.898,0.0
2020-06-08,0.899,0.932,0.864,0.879,0.0
2020-06-09,0.875,0.879,0.802,0.827,0.0
2020-06-10,0.829,0.834,0.726,0.73,0.0
2020-06-11,0.73,0.736,0.651,0.674,0.0
2020-06-12,0.674,0.72,0.666,0.708,0.0
2020-06-13,0.708,0.708,0.708,0.708,0.0
2020-06-14,0.708,0.708,0.708,0.708,0.0
2020-06-15,0.6985,0.723,0.654,0.722,0.0
2020-06-16,0.723,0.784,0.72,0.753,0.0
2020-06-17,0.756,0.763,0.725,0.74,0.0
2020-06-18,0.74,0.741,0.692,0.71,0.0
2020-06-19,0.712,0.745,0.689,0.699,0.0
2020-06-20,0.699,0.699,0.699,0.699,0.0
2020-06-21,0.699,0.699,0.699,0.699,0.0
2020-06-22,0.697,0.712,0.674,0.71,0.0
2020-06-23,0.712,0.733,0.681,0.715,0.0
2020-06-24,0.715,0.73,0.677,0.677,0.0
2020-06-25,0.681,0.689,0.656,0.686,0.0
2020-06-26,0.687,0.687,0.633,0.643,0.0
2020-06-27,0.643,0.643,0.643,0.643,0.0
2020-06-28,0.643,0.643,0.643,0.643,0.0
2020-06-29,0.632,0.656,0.622,0.627,0.0
2020-06-30,0.627,0.666,0.62,0.658,0.0
2020-07-01,0.658,0.702,0.658,0.677,0.0
2020-07-02,0.677,0.714,0.6627,0.6627,0.0
2020-07-03,0.6709,0.6709,0.6594,0.6594,0.0
2020-07-04,0.6594,0.6594,0.6594,0.6594,0.0
2020-07-05,0.6594,0.6594,0.6594,0.6594,0.0
2020-07-06,0.681,0.709,0.676,0.679,0.0
2020-07-07,0.681,0.689,0.633,0.643,0.0
2020-07-08,0.641,0.673,0.64,0.668,0.0
2020-07-09,0.664,0.668,0.599,0.615,0.0
2020-07-10,0.615,0.645,0.569,0.645,0.0
2020-07-11,0.645,0.645,0.645,0.645,0.0
2020-07-12,0.645,0.645,0.645,0.645,0.0
2020-07-13,0.63,0.664,0.617,0.62,0.0
2020-07-14,0.622,0.635,0.6,0.625,0.0
2020-07-15,0.625,0.658,0.617,0.633,0.0
2020-07-16,0.632,0.633,0.6,0.62,0.0
2020-07-17,0.618,0.632,0.599,0.628,0.0
2020-07-18,0.628,0.628,0.628,0.628,0.0
2020-07-19,0.628,0.628,0.628,0.628,0.0
2020-07-20,0.63,0.63,0.602,0.612,0.0
2020-07-21,0.613,0.627,0.594,0.605,0.0
2020-07-22,0.604,0.607,0.582,0.602,0.0
2020-07-23,0.6,0.602,0.576,0.577,0.0
2020-07-24,0.577,0.597,0.556,0.59,0.0
2020-07-25,0.59,0.59,0.59,0.59,0.0
2020-07-26,0.59,0.59,0.59,0.59,0.0
2020-07-27,0.594,0.618,0.569,0.618,0.0
2020-07-28,0.618,0.637,0.576,0.581,0.0
2020-07-29,0.582,0.595,0.564,0.576,0.0
2020-07-30,0.574,0.579,0.536,0.546,0.0
2020-07-31,0.549,0.564,0.52,0.533,0.0
2020-08-01,0.533,0.533,0.533,0.533,0.0
2020-08-02,0.533,0.533,0.533,0.533,0.0
2020-08-03,0.538,0.572,0.536,0.559,0.0
2020-08-04,0.556,0.562,0.505,0.51,0.0
2020-08-05,0.509,0.553,0.507,0.551,0.0
2020-08-06,0.551,0.554,0.505,0.538,0.0
2020-08-07,0.538,0.569,0.517,0.566,0.0
2020-08-08,0.566,0.566,0.566,0.566,0.0
2020-08-09,0.566,0.566,0.566,0.566,0.0
2020-08-10,0.5624,0.58,0.546,0.579,0.0
2020-08-11,0.579,0.661,0.571,0.642,0.0
2020-08-12,0.642,0.691,0.625,0.676,0.0
2020-08-13,0.676,0.726,0.649,0.722,0.0
2020-08-14,0.722,0.724,0.69,0.709,0.0
2020-08-15,0.709,0.709,0.709,0.709,0.0
2020-08-16,0.709,0.709,0.709,0.709,0.0
2020-08-17,0.713,0.713,0.667,0.69,0.0
2020-08-18,0.691,0.691,0.657,0.67,0.0
2020-08-19,0.672,0.688,0.648,0.683,0.0
2020-08-20,0.685,0.685,0.638,0.651,0.0
2020-08-21,0.653,0.659,0.623,0.631,0.0
2020-08-22,0.631,0.631,0.631,0.631,0.0
2020-08-23,0.631,0.631,0.631,0.631,0.0
2020-08-24,0.628,0.657,0.622,0.656,0.0
2020-08-25,0.657,0.716,0.654,0.687,0.0
2020-08-26,0.69,0.719,0.685,0.69,0.0
2020-08-27,0.692,0.755,0.649,0.754,0.0
2020-08-28,0.755,0.788,0.713,0.724,0.0
2020-08-29,0.724,0.724,0.724,0.724,0.0
2020-08-30,0.724,0.724,0.724,0.724,0.0
2020-08-31,0.726,0.749,0.692,0.706,0.0
2020-09-01,0.706,0.731,0.671,0.671,0.0
2020-09-02,0.671,0.693,0.643,0.651,0.0
2020-09-03,0.649,0.667,0.606,0.638,0.0
2020-09-04,0.635,0.725,0.633,0.721,0.0
2020-09-05,0.721,0.721,0.721,0.721,0.0
2020-09-06,0.721,0.721,0.721,0.721,0.0
2020-09-07,0.723,0.7246,0.723,0.7246,0.0
2020-09-08,0.716,0.718,0.664,0.68,0.0
2020-09-09,0.68,0.708,0.659,0.702,0.0
2020-09-10,0.703,0.723,0.677,0.677,0.0
2020-09-11,0.68,0.695,0.664,0.669,0.0
2020-09-12,0.669,0.669,0.669,0.669,0.0
2020-09-13,0.669,0.669,0.669,0.669,0.0
2020-09-14,0.669,0.679,0.651,0.674,0.0
2020-09-15,0.676,0.687,0.666,0.682,0.0
2020-09-16,0.682,0.702,0.656,0.7,0.0
2020-09-17,0.7,0.7,0.646,0.69,0.0
2020-09-18,0.689,0.699,0.667,0.695,0.0
2020-09-19,0.695,0.695,0.695,0.695,0.0
2020-09-20,0.695,0.695,0.695,0.695,0.0
2020-09-21,0.6937,0.6937,0.649,0.669,0.0
2020-09-22,0.667,0.681,0.659,0.676,0.0
2020-09-23,0.674,0.692,0.656,0.676,0.0
2020-09-24,0.672,0.681,0.661,0.669,0.0
2020-09-25,0.671,0.677,0.651,0.658,0.0
2020-09-26,0.658,0.658,0.658,0.658,0.0
2020-09-27,0.658,0.658,0.658,0.658,0.0
2020-09-28,0.663,0.674,0.654,0.654,0.0
2020-09-29,0.654,0.663,0.641,0.651,0.0
2020-09-30,0.651,0.704,0.641,0.684,0.0
2020-10-01,0.687,0.72,0.669,0.681,0.0
2020-10-02,0.681,0.705,0.653,0.705,0.0
2020-10-03,0.705,0.705,0.705,0.705,0.0
2020-10-04,0.705,0.705,0.705,0.705,0.0
2020-10-05,0.709,0.783,0.699,0.783,0.0
2020-10-06,0.783,0.79,0.727,0.739,0.0
2020-10-07,0.739,0.797,0.734,0.79,0.0
2020-10-08,0.79,0.79,0.764,0.787,0.0
2020-10-09,0.785,0.797,0.76,0.779,0.0
2020-10-10,0.779,0.779,0.779,0.779,0.0
2020-10-11,0.779,0.779,0.779,0.779,0.0
2020-10-12,0.779,0.779,0.779,0.779,0.0
2020-10-13,0.760378,0.767,0.726,0.729,0.0
2020-10-14,0.727,0.736,0.709,0.727,0.0
2020-10-15,0.727,0.741,0.693,0.737,0.0
2020-10-16,0.734,0.757,0.721,0.746,0.0
2020-10-17,0.746,0.746,0.746,0.746,0.0
2020-10-18,0.746,0.746,0.746,0.746,0.0
2020-10-19,0.761,0.781,0.754,0.771,0.0
2020-10-20,0.771,0.801,0.764,0.786,0.0
2020-10-21,0.786,0.836,0.786,0.824,0.0
2020-10-22,0.826,0.868,0.806,0.861,0.0
2020-10-23,0.858,0.872,0.831,0.843,0.0
2020-10-24,0.843,0.843,0.843,0.843,0.0
2020-10-25,0.843,0.843,0.843,0.843,0.0
2020-10-26,0.828,0.828,0.791,0.804,0.0
2020-10-27,0.803,0.809,0.768,0.771,0.0
2020-10-28,0.771,0.784,0.746,0.774,0.0
2020-10-29,0.774,0.841,0.769,0.825,0.0
2020-10-30,0.826,0.877,0.806,0.875,0.0
2020-10-31,0.875,0.875,0.875,0.875,0.0
2020-11-01,0.875,0.875,0.875,0.875,0.0
2020-11-02,0.862,0.874,0.828,0.848,0.0
2020-11-03,0.852,0.901,0.852,0.899,0.0
2020-11-04,0.899,0.944,0.758,0.766,0.0
2020-11-05,0.771,0.79,0.718,0.766,0.0
2020-11-06,0.765,0.837,0.76,0.822,0.0
2020-11-07,0.822,0.822,0.822,0.822,0.0
2020-11-08,0.822,0.822,0.822,0.822,0.0
2020-11-09,0.825,0.971,0.798,0.925,0.0
2020-11-10,0.924,0.972,0.908,0.96,0.0
2020-11-11,0.961,0.961,0.961,0.961,0.0
2020-11-12,0.96,0.964,0.88,0.883,0.0
2020-11-13,0.883,0.901,0.864,0.9,0.0
2020-11-14,0.9,0.9,0.9,0.9,0.0
2020-11-15,0.9,0.9,0.9,0.9,0.0
2020-11-16,0.9,0.929,0.873,0.911,0.0
2020-11-17,0.908,0.916,0.859,0.859,0.0
2020-11-18,0.862,0.893,0.836,0.872,0.0
2020-11-19,0.87,0.87,0.833,0.834,0.0
2020-11-20,0.831,0.85,0.819,0.823,0.0
2020-11-21,0.823,0.823,0.823,0.823,0.0
2020-11-22,0.823,0.823,0.823,0.823,0.0
2020-11-23,0.836,0.862,0.828,0.855,0.0
2020-11-24,0.857,0.888,0.855,0.882,0.0
2020-11-25,0.885,0.898,0.857,0.883,0.0
2020-11-26,0.882,0.882,0.848782,0.855328,0.0
2020-11-27,0.855328,0.868,0.839,0.842,0.0
2020-11-28,0.842,0.842,0.842,0.842,0.0
2020-11-29,0.842,0.842,0.842,0.842,0.0
2020-11-30,0.845,0.86,0.831,0.842,0.0
2020-12-01,0.841,0.938,0.836,0.929,0.0
2020-12-02,0.929,0.964,0.911,0.939,0.0
2020-12-03,0.938,0.946,0.901,0.91,0.0
2020-12-04,0.908,0.986,0.905,0.968,0.0
2020-12-05,0.968,0.968,0.968,0.968,0.0
2020-12-06,0.968,0.968,0.968,0.968,0.0
2020-12-07,0.964,0.964,0.924,0.924,0.0
2020-12-08,0.924,0.941,0.893,0.921,0.0
2020-12-09,0.929,0.958,0.924,0.936,0.0
2020-12-10,0.938,0.941,0.905,0.911,0.0
2020-12-11,0.906,0.915,0.875,0.898,0.0
2020-12-12,0.898,0.898,0.898,0.898,0.0
2020-12-13,0.898,0.898,0.898,0.898,0.0
2020-12-14,0.911,0.938,0.888,0.896,0.0
2020-12-15,0.898,0.925,0.887,0.911,0.0
2020-12-16,0.911,0.951,0.901,0.918,0.0
2020-12-17,0.92,0.945,0.891,0.935,0.0
2020-12-18,0.935,0.951,0.915,0.948,0.0
2020-12-19,0.948,0.948,0.948,0.948,0.0
2020-12-20,0.948,0.948,0.948,0.948,0.0
2020-12-21,0.938,0.948,0.885,0.935,0.0
2020-12-22,0.935,0.94,0.915,0.921,0.0
2020-12-23,0.921,0.971,0.903,0.943,0.0
2020-12-24,0.945,0.955,0.925,0.926,0.0
2020-12-25,0.926,0.926,0.926,0.926,0.0
2020-12-26,0.926,0.926,0.926,0.926,0.0
2020-12-27,0.926,0.926,0.926,0.926,0.0
2020-12-28,0.935,0.963,0.923,0.926,0.0
2020-12-29,0.923,0.951,0.923,0.938,0.0
2020-12-30,0.94,0.956,0.923,0.926,0.0
2020-12-31,0.926,0.936,0.912,0.918,0.0
2021-01-01,0.918,0.918,0.918,0.918,0.0
2021-01-02,0.918,0.918,0.918,0.918,0.0
2021-01-03,0.918,0.918,0.918,0.918,0.0
2021-01-04,0.931,0.953,0.908,0.915,0.0
2021-01-05,0.918,0.963,0.918,0.958,0.0
2021-01-06,0.955,1.054,0.945,1.039,0.0
2021-01-07,1.039,1.086,1.029,1.081,0.0
2021-01-08,1.083,1.124,1.076,1.117,0.0
2021-01-09,1.117,1.117,1.117,1.117,0.0
2021-01-10,1.117,1.117,1.117,1.117,0.0
2021-01-11,1.107,1.148,1.097,1.148,0.0
2021-01-12,1.15,1.185,1.131,1.131,0.0
2021-01-13,1.117,1.134,1.073,1.087,0.0
2021-01-14,1.092,1.136,1.076,1.133,0.0
2021-01-15,1.129,1.129,1.083,1.083,0.0
2021-01-16,1.083,1.083,1.083,1.083,0.0
2021-01-17,1.083,1.083,1.083,1.083,0.0
2021-01-18,1.097083,1.097083,1.086878,1.091979,0.0
2021-01-19,1.091979,1.121,1.087,1.09,0.0
2021-01-20,1.092,1.107,1.075,1.082,0.0
2021-01-21,1.08,1.123,1.077,1.107,0.0
2021-01-22,1.107,1.118,1.082,1.087,0.0
2021-01-23,1.087,1.087,1.087,1.087,0.0
2021-01-24,1.087,1.087,1.087,1.087,0.0
2021-01-25,1.096,1.103,1.031,1.035,0.0
2021-01-26,1.033,1.053,1.028,1.036,0.0
2021-01-27,1.033,1.048,1.003,1.018,0.0
2021-01-28,1.019,1.07,0.996,1.047,0.0
2021-01-29,1.052,1.105,1.043,1.065,0.0
2021-01-30,1.065,1.065,1.065,1.065,0.0
2021-01-31,1.065,1.065,1.065,1.065,0.0
2021-02-01,1.074,1.089,1.06,1.084,0.0
2021-02-02,1.079,1.119,1.074,1.098,0.0
2021-02-03,1.098,1.141,1.095,1.139,0.0
2021-02-04,1.139,1.16,1.132,1.143,0.0
2021-02-05,1.141,1.188,1.129,1.165,0.0
2021-02-06,1.165,1.165,1.165,1.165,0.0
2021-02-07,1.165,1.165,1.165,1.165,0.0
2021-02-08,1.174,1.2,1.15,1.17,0.0
2021-02-09,1.176,1.176,1.14,1.162,0.0
2021-02-10,1.159,1.174,1.122,1.126,0.0
2021-02-11,1.126,1.166,1.126,1.165,0.0
2021-02-12,1.168,1.212,1.152,1.212,0.0
2021-02-13,1.212,1.212,1.212,1.212,0.0
2021-02-14,1.212,1.212,1.212,1.212,0.0
2021-02-15,1.199844,1.250061,1.199844,1.246706,0.0
2021-02-16,1.246706,1.317,1.223,1.317,0.0
2021-02-17,1.319,1.331,1.269,1.272,0.0
2021-02-18,1.272,1.316,1.259,1.296,0.0
2021-02-19,1.296,1.364,1.282,1.34,0.0
2021-02-20,1.34,1.34,1.34,1.34,0.0
2021-02-21,1.34,1.34,1.34,1.34,0.0
2021-02-22,1.355,1.394,1.326,1.367,0.0
2021-02-23,1.367,1.389,1.342,1.343,0.0
2021-02-24,1.345,1.434,1.33,1.377,0.0
2021-02-25,1.377,1.614,1.372,1.525,0.0
2021-02-26,1.525,1.55,1.381,1.408,0.0
2021-02-27,1.408,1.408,1.408,1.408,0.0
2021-02-28,1.408,1.408,1.408,1.408,0.0
2021-03-01,1.388,1.46,1.384,1.42,0.0
2021-03-02,1.42,1.451,1.391,1.395,0.0
2021-03-03,1.391,1.495,1.391,1.482,0.0
2021-03-04,1.484,1.569,1.45,1.568,0.0
2021-03-05,1.569,1.626,1.535,1.57,0.0
2021-03-06,1.57,1.57,1.57,1.57,0.0
2021-03-07,1.57,1.57,1.57,1.57,0.0
2021-03-08,1.592,1.613,1.575,1.594,0.0
2021-03-09,1.594,1.603,1.523,1.528,0.0
2021-03-10,1.528,1.566,1.506,1.52,0.0
2021-03-11,1.53,1.547,1.475,1.54,0.0
2021-03-12,1.54,1.639,1.534,1.625,0.0
2021-03-13,1.625,1.625,1.625,1.625,0.0
2021-03-14,1.625,1.625,1.625,1.625,0.0
2021-03-15,1.6371,1.6389,1.595,1.6073,0.0
2021-03-16,1.6073,1.625,1.5846,1.6197,0.0
2021-03-17,1.6197,1.6868,1.6162,1.6444,0.0
2021-03-18,1.6444,1.7543,1.6304,1.7082,0.0
2021-03-19,1.7099,1.7459,1.6714,1.7246,0.0
2021-03-20,1.7246,1.7246,1.7246,1.7246,0.0
2021-03-21,1.7246,1.7246,1.7246,1.7246,0.0
2021-03-22,1.7248,1.7248,1.6628,1.6946,0.0
2021-03-23,1.6964,1.7017,1.6171,1.6241,0.0
2021-03-24,1.6224,1.6471,1.5907,1.6119,0.0
2021-03-25,1.6102,1.6402,1.5892,1.6367,0.0
2021-03-26,1.6385,1.6813,1.6191,1.6778,0.0
2021-03-27,1.6778,1.6778,1.6778,1.6778,0.0
2021-03-28,1.6778,1.6778,1.6778,1.6778,0.0
2021-03-29,1.6832,1.7241,1.6337,1.7098,0.0
2021-03-30,1.7098,1.7742,1.7081,1.71,0.0
2021-03-31,1.71,1.7528,1.7047,1.7422,0.0
2021-04-01,1.7422,1.7529,1.6717,1.6717,0.0
2021-04-02,1.6717,1.6735,1.6699,1.6717,0.0
2021-04-03,1.6717,1.6717,1.6717,1.6717,0.0
2021-04-04,1.6717,1.6717,1.6717,1.6717,0.0
2021-04-05,1.7198,1.7448,1.7003,1.702,0.0
2021-04-06,1.7003,1.7164,1.6507,1.6578,0.0
2021-04-07,1.6578,1.6757,1.6313,1.6739,0.0
2021-04-08,1.6739,1.6774,1.6174,1.6227,0.0
2021-04-09,1.6245,1.6851,1.6139,1.662,0.0
2021-04-10,1.662,1.662,1.662,1.662,0.0
2021-04-11,1.662,1.662,1.662,1.662,0.0
2021-04-12,1.6586,1.6835,1.6427,1.6657,0.0
2021-04-13,1.6675,1.7013,1.6163,1.6163,0.0
2021-04-14,1.6163,1.6483,1.6127,1.6323,0.0
2021-04-15,1.6323,1.6465,1.5285,1.5759,0.0
2021-04-16,1.5777,1.5975,1.5499,1.5816,0.0
2021-04-17,1.5816,1.5816,1.5816,1.5816,0.0
2021-04-18,1.5816,1.5816,1.5816,1.5816,0.0
2021-04-19,1.5817,1.6135,1.5518,1.6047,0.0
2021-04-20,1.6047,1.6296,1.5572,1.5607,0.0
2021-04-21,1.5589,1.5837,1.5538,1.5573,0.0
2021-04-22,1.5573,1.5874,1.5309,1.5398,0.0
2021-04-23,1.5398,1.5789,1.5313,1.5613,0.0
2021-04-24,1.5613,1.5613,1.5613,1.5613,0.0
2021-04-25,1.5613,1.5613,1.5613,1.5613,0.0
2021-04-26,1.5614,1.5985,1.5561,1.5684,0.0
2021-04-27,1.5684,1.6305,1.5649,1.6216,0.0
2021-04-28,1.6216,1.6591,1.6076,1.6111,0.0
2021-04-29,1.6111,1.686,1.6094,1.6379,0.0
2021-04-30,1.6379,1.6575,1.6205,1.6259,0.0
2021-05-01,1.6259,1.6259,1.6259,1.6259,0.0
2021-05-02,1.6259,1.6259,1.6259,1.6259,0.0
2021-05-03,1.6224,1.6527,1.5816,1.6011,0.0
2021-05-04,1.6011,1.6226,1.557,1.5924,0.0
2021-05-05,1.5924,1.6227,1.5677,1.5695,0.0
2021-05-06,1.5713,1.5891,1.5572,1.5696,0.0
2021-05-07,1.5696,1.5842,1.4836,1.5771,0.0
2021-05-08,1.5771,1.5771,1.5771,1.5771,0.0
2021-05-09,1.5771,1.5771,1.5771,1.5771,0.0
2021-05-10,1.5754,1.6091,1.5612,1.602,0.0
2021-05-11,1.602,1.6289,1.5861,1.6217,0.0
2021-05-12,1.6199,1.6988,1.6094,1.6952,0.0
2021-05-13,1.6952,1.7052,1.6488,1.6591,0.0
2021-05-14,1.6591,1.6693,1.6233,1.6284,0.0
2021-05-15,1.6284,1.6284,1.6284,1.6284,0.0
2021-05-16,1.6284,1.6284,1.6284,1.6284,0.0
2021-05-17,1.6335,1.6522,1.6046,1.6505,0.0
2021-05-18,1.6505,1.6574,1.6267,1.6386,0.0
2021-05-19,1.6386,1.6916,1.6182,1.6727,0.0
2021-05-20,1.6727,1.6779,1.625,1.6267,0.0
2021-05-21,1.6267,1.6386,1.6114,1.6199,0.0
2021-05-22,1.6199,1.6199,1.6199,1.6199,0.0
2021-05-23,1.6199,1.6199,1.6199,1.6199,0.0
2021-05-24,1.622,1.627,1.598,1.605,0.0
2021-05-25,1.605,1.605,1.554,1.56,0.0
2021-05-26,1.56,1.56,1.557,1.56,0.0
2021-05-27,1.611,1.625,1.601,1.611,0.0
2021-05-28,1.611,1.623,1.577,1.602811,0.0
2021-05-29,1.602811,1.602811,1.602811,1.602811,0.0
2021-05-30,1.602811,1.602811,1.602811,1.602811,0.0
2021-05-31,1.602811,1.606217,1.597704,1.602811,0.0
2021-06-01,1.602811,1.639,1.602811,1.608,0.0
2021-06-02,1.606,1.622,1.587,1.589,0.0
2021-06-03,1.589,1.63,1.587,1.628,0.0
2021-06-04,1.628,1.635,1.555,1.557,0.0
2021-06-05,1.557,1.557,1.557,1.557,0.0
2021-06-06,1.557,1.557,1.557,1.557,0.0
2021-06-07,1.569,1.582,1.564,1.572,0.0
2021-06-08,1.57,1.572,1.513,1.536,0.0
2021-06-09,1.536,1.536,1.472,1.492,0.0
2021-06-10,1.492,1.535,1.435,1.435,0.0
2021-06-11,1.432,1.472,1.428,1.454,0.0
2021-06-12,1.454,1.454,1.454,1.454,0.0
2021-06-13,1.454,1.454,1.454,1.454,0.0
2021-06-14,1.462,1.502,1.455,1.496,0.0
2021-06-15,1.497,1.513,1.48,1.494,0.0
2021-06-16,1.489,1.594,1.482,1.579,0.0
2021-06-17,1.577,1.594,1.474,1.507,0.0
2021-06-18,1.506,1.524,1.438,1.44,0.0
2021-06-19,1.44,1.44,1.44,1.44,0.0
2021-06-20,1.44,1.44,1.44,1.44,0.0
2021-06-21,1.438,1.497,1.354,1.492,0.0
2021-06-22,1.49,1.509,1.462,1.465,0.0
2021-06-23,1.467,1.499,1.458,1.489,0.0
2021-06-24,1.489,1.504,1.478,1.495,0.0
2021-06-25,1.495,1.545,1.478,1.526,0.0
2021-06-26,1.526,1.526,1.526,1.526,0.0
2021-06-27,1.526,1.526,1.526,1.526,0.0
2021-06-28,1.526,1.534,1.471,1.48,0.0
2021-06-29,1.48,1.509,1.471,1.471,0.0
2021-06-30,1.475,1.485,1.438,1.471,0.0
2021-07-01,1.468,1.485,1.454,1.459,0.0
2021-07-02,1.458,1.469,1.427,1.431,0.0
2021-07-03,1.431,1.431,1.431,1.431,0.0
2021-07-04,1.431,1.431,1.431,1.431,0.0
2021-07-05,1.432262,1.437329,1.432262,1.437329,0.0
2021-07-06,1.437329,1.447,1.35,1.35,0.0
2021-07-07,1.35,1.368,1.298,1.32,0.0
2021-07-08,1.323,1.323,1.25,1.294,0.0
2021-07-09,1.296,1.363,1.294,1.363,0.0
2021-07-10,1.363,1.363,1.363,1.363,0.0
2021-07-11,1.363,1.363,1.363,1.363,0.0
2021-07-12,1.354,1.376,1.326,1.366,0.0
2021-07-13,1.366,1.422,1.346,1.42,0.0
2021-07-14,1.42,1.423,1.349,1.349,0.0
2021-07-15,1.348,1.349,1.292,1.301,0.0
2021-07-16,1.299,1.336,1.294,1.294,0.0
2021-07-17,1.294,1.294,1.294,1.294,0.0
2021-07-18,1.294,1.294,1.294,1.294,0.0
2021-07-19,1.265,1.29,1.174,1.192,0.0
2021-07-20,1.19,1.225,1.129,1.223,0.0
2021-07-21,1.223,1.302,1.194,1.29,0.0
2021-07-22,1.293,1.315,1.233,1.282,0.0
2021-07-23,1.282,1.311,1.268,1.278,0.0
2021-07-24,1.278,1.278,1.278,1.278,0.0
2021-07-25,1.278,1.278,1.278,1.278,0.0
2021-07-26,1.278,1.296,1.221,1.295,0.0
2021-07-27,1.295,1.295,1.229,1.244,0.0
2021-07-28,1.243,1.274,1.226,1.236,0.0
2021-07-29,1.236,1.281,1.231,1.271,0.0
2021-07-30,1.273,1.274,1.224,1.226,0.0
2021-07-31,1.226,1.226,1.226,1.226,0.0
2021-08-01,1.226,1.226,1.226,1.226,0.0
2021-08-02,1.237,1.244,1.151,1.177,0.0
2021-08-03,1.181,1.2,1.156,1.176,0.0
2021-08-04,1.174,1.214,1.127,1.185,0.0
2021-08-05,1.187,1.229,1.17,1.227,0.0
2021-08-06,1.225,1.305,1.224,1.3,0.0
2021-08-07,1.3,1.3,1.3,1.3,0.0
2021-08-08,1.3,1.3,1.3,1.3,0.0
2021-08-09,1.305,1.33,1.268,1.327,0.0
2021-08-10,1.325,1.356,1.307,1.352,0.0
2021-08-11,1.352,1.376,1.303,1.334,0.0
2021-08-12,1.335,1.378,1.334,1.361,0.0
2021-08-13,1.361,1.362,1.282,1.282,0.0
2021-08-14,1.282,1.282,1.282,1.282,0.0
2021-08-15,1.282,1.282,1.282,1.282,0.0
2021-08-16,1.27,1.283,1.225,1.27,0.0
2021-08-17,1.268,1.272,1.217,1.267,0.0
2021-08-18,1.267,1.3,1.257,1.262,0.0
2021-08-19,1.262,1.262,1.233,1.243,0.0
2021-08-20,1.243,1.267,1.227,1.258,0.0
2021-08-21,1.258,1.258,1.258,1.258,0.0
2021-08-22,1.258,1.258,1.258,1.258,0.0
2021-08-23,1.26,1.283,1.252,1.255,0.0
2021-08-24,1.253,1.299,1.253,1.297,0.0
2021-08-25,1.299,1.352,1.285,1.344,0.0
2021-08-26,1.341,1.375,1.332,1.353,0.0
2021-08-27,1.349,1.358,1.3,1.31,0.0
2021-08-28,1.31,1.31,1.31,1.31,0.0
2021-08-29,1.31,1.31,1.31,1.31,0.0
2021-08-30,1.305,1.315,1.278,1.282,0.0
2021-08-31,1.282,1.315,1.27,1.312,0.0
2021-09-01,1.312,1.334,1.284,1.299,0.0
2021-09-02,1.297,1.305,1.284,1.285,0.0
2021-09-03,1.285,1.336,1.267,1.326,0.0
2021-09-04,1.326,1.326,1.326,1.326,0.0
2021-09-05,1.326,1.326,1.326,1.326,0.0
2021-09-06,1.326,1.326,1.326,1.326,0.0
2021-09-07,1.339,1.385,1.338,1.377,0.0
2021-09-08,1.375,1.377,1.327,1.341,0.0
2021-09-09,1.341,1.344,1.287,1.302,0.0
2021-09-10,1.297,1.355,1.297,1.344,0.0
2021-09-11,1.344,1.344,1.344,1.344,0.0
2021-09-12,1.344,1.344,1.344,1.344,0.0
2021-09-13,1.348,1.35,1.316,1.328,0.0
2021-09-14,1.328,1.35,1.263,1.284,0.0
2021-09-15,1.287,1.321,1.262,1.304,0.0
2021-09-16,1.304,1.351,1.294,1.339,0.0
2021-09-17,1.341,1.385,1.326,1.365,0.0
2021-09-18,1.365,1.365,1.365,1.365,0.0
2021-09-19,1.365,1.365,1.365,1.365,0.0
2021-09-20,1.362,1.372,1.297,1.312,0.0
2021-09-21,1.312,1.346,1.304,1.324,0.0
2021-09-22,1.328,1.345,1.296,1.304,0.0
2021-09-23,1.304,1.437,1.304,1.432,0.0
2021-09-24,1.434,1.466,1.405,1.454,0.0
2021-09-25,1.454,1.454,1.454,1.454,0.0
2021-09-26,1.454,1.454,1.454,1.454,0.0
2021-09-27,1.458,1.515,1.444,1.491,0.0
2021-09-28,1.489,1.563,1.475,1.541,0.0
2021-09-29,1.539,1.56,1.496,1.52,0.0
2021-09-30,1.517,1.555,1.486,1.489,0.0
2021-10-01,1.487,1.51,1.462,1.465,0.0
2021-10-02,1.465,1.465,1.465,1.465,0.0
2021-10-03,1.465,1.465,1.465,1.465,0.0
2021-10-04,1.458,1.507,1.455,1.482,0.0
2021-10-05,1.482,1.538,1.472,1.529,0.0
2021-10-06,1.531,1.573,1.508,1.524,0.0
2021-10-07,1.521,1.58,1.512,1.575,0.0
2021-10-08,1.573,1.617,1.558,1.615,0.0
2021-10-09,1.615,1.615,1.615,1.615,0.0
2021-10-10,1.615,1.615,1.615,1.615,0.0
2021-10-11,1.604784,1.636399,1.604784,1.632881,0.0
2021-10-12,1.619,1.621,1.565,1.579,0.0
2021-10-13,1.58,1.598,1.526,1.539,0.0
2021-10-14,1.537,1.567,1.509,1.514,0.0
2021-10-15,1.516,1.579,1.516,1.574,0.0
2021-10-16,1.574,1.574,1.574,1.574,0.0
2021-10-17,1.574,1.574,1.574,1.574,0.0
2021-10-18,1.591,1.627,1.576,1.602,0.0
2021-10-19,1.605,1.646,1.567,1.641,0.0
2021-10-20,1.639,1.673,1.621,1.659,0.0
2021-10-21,1.66,1.704,1.638,1.704,0.0
2021-10-22,1.705,1.706,1.634,1.636,0.0
2021-10-23,1.636,1.636,1.636,1.636,0.0
2021-10-24,1.636,1.636,1.636,1.636,0.0
2021-10-25,1.65,1.673,1.621,1.633,0.0
2021-10-26,1.631,1.654,1.61,1.61,0.0
2021-10-27,1.61,1.634,1.52,1.543,0.0
2021-10-28,1.543,1.583,1.53,1.582,0.0
2021-10-29,1.58,1.617,1.536,1.557,0.0
2021-10-30,1.557,1.557,1.557,1.557,0.0
2021-10-31,1.557,1.557,1.557,1.557,0.0
2021-11-01,1.579,1.605,1.554,1.561,0.0
2021-11-02,1.561,1.573,1.53,1.551,0.0
2021-11-03,1.552,1.607,1.519,1.607,0.0
2021-11-04,1.607,1.609,1.509,1.531,0.0
2021-11-05,1.528,1.553,1.436,1.455,0.0
2021-11-06,1.455,1.455,1.455,1.455,0.0
2021-11-07,1.455,1.455,1.455,1.455,0.0
2021-11-08,1.474,1.504,1.46,1.493,0.0
2021-11-09,1.493,1.493,1.415,1.439,0.0
2021-11-10,1.439,1.592,1.439,1.553,0.0
2021-11-11,1.554,1.599001,1.551,1.595568,0.0
2021-11-12,1.595568,1.595568,1.541,1.566,0.0
2021-11-13,1.566,1.566,1.566,1.566,0.0
2021-11-14,1.566,1.566,1.566,1.566,0.0
2021-11-15,1.565,1.632,1.541,1.616,0.0
2021-11-16,1.616,1.646,1.594,1.637,0.0
2021-11-17,1.639,1.649,1.585,1.591,0.0
2021-11-18,1.589,1.613,1.573,1.589,0.0
2021-11-19,1.589,1.608,1.517,1.551,0.0
2021-11-20,1.551,1.551,1.551,1.551,0.0
2021-11-21,1.551,1.551,1.551,1.551,0.0
2021-11-22,1.562,1.634,1.546,1.629,0.0
2021-11-23,1.627,1.684,1.615,1.669,0.0
2021-11-24,1.669,1.691,1.627,1.638,0.0
2021-11-25,1.639,1.644478,1.627201,1.635835,0.0
2021-11-26,1.635835,1.635835,1.473,1.482,0.0
2021-11-27,1.482,1.482,1.482,1.482,0.0
2021-11-28,1.482,1.482,1.482,1.482,0.0
2021-11-29,1.536,1.565,1.497,1.5,0.0
2021-11-30,1.504,1.524,1.412,1.449,0.0
2021-12-01,1.448,1.506,1.402,1.407,0.0
2021-12-02,1.404,1.466,1.402,1.448,0.0
2021-12-03,1.448,1.472,1.336,1.346,0.0
2021-12-04,1.346,1.346,1.346,1.346,0.0
2021-12-05,1.346,1.346,1.346,1.346,0.0
2021-12-06,1.382,1.441,1.37,1.436,0.0
2021-12-07,1.439,1.487,1.429,1.477,0.0
2021-12-08,1.477,1.537,1.427,1.525,0.0
2021-12-09,1.523,1.535,1.472,1.502,0.0
2021-12-10,1.501,1.52,1.453,1.487,0.0
2021-12-11,1.487,1.487,1.487,1.487,0.0
2021-12-12,1.487,1.487,1.487,1.487,0.0
2021-12-13,1.494,1.508,1.412,1.419,0.0
2021-12-14,1.417,1.47,1.414,1.446,0.0
2021-12-15,1.441,1.484,1.424,1.462,0.0
2021-12-16,1.462,1.482,1.412,1.412,0.0
2021-12-17,1.424,1.434,1.372,1.405,0.0
2021-12-18,1.405,1.405,1.405,1.405,0.0
2021-12-19,1.405,1.405,1.405,1.405,0.0
2021-12-20,1.378,1.429,1.355,1.426,0.0
2021-12-21,1.428,1.498,1.414,1.465,0.0
2021-12-22,1.467,1.486,1.448,1.455,0.0
2021-12-23,1.457,1.501,1.452,1.494,0.0
2021-12-24,1.494,1.494,1.492678,1.492678,0.0
2021-12-25,1.492678,1.492678,1.492678,1.492678,0.0
2021-12-26,1.492678,1.492678,1.492678,1.492678,0.0
2021-12-27,1.484,1.498,1.476,1.479,0.0
2021-12-28,1.481,1.491,1.455,1.484,0.0
2021-12-29,1.486,1.56,1.47,1.555,0.0
2021-12-30,1.555,1.557,1.503,1.512,0.0
2021-12-31,1.513,1.526,1.493,1.514,0.0
2022-01-01,1.514,1.514,1.514,1.514,0.0
2022-01-02,1.514,1.514,1.514,1.514,0.0
2022-01-03,1.531,1.642,1.529,1.631,0.0
2022-01-04,1.633,1.686,1.614,1.651,0.0
2022-01-05,1.649,1.71,1.64,1.709,0.0
2022-01-06,1.707,1.753,1.688,1.725,0.0
2022-01-07,1.725,1.799,1.711,1.764,0.0
2022-01-08,1.764,1.764,1.764,1.764,0.0
2022-01-09,1.764,1.764,1.764,1.764,0.0
2022-01-10,1.767,1.808,1.75,1.762,0.0
2022-01-11,1.755,1.783,1.737,1.739,0.0
2022-01-12,1.736,1.753,1.711,1.736,0.0
2022-01-13,1.757,1.761,1.694,1.706,0.0
2022-01-14,1.708,1.795,1.701,1.788,0.0
2022-01-15,1.788,1.788,1.788,1.788,0.0
2022-01-16,1.788,1.788,1.788,1.788,0.0
2022-01-17,1.788,1.788,1.788,1.788,0.0
2022-01-18,1.817914,1.881,1.807,1.875,0.0
2022-01-19,1.879,1.902,1.822,1.866,0.0
2022-01-20,1.866,1.866,1.804,1.808,0.0
2022-01-21,1.808,1.811,1.733,1.762,0.0
2022-01-22,1.762,1.762,1.762,1.762,0.0
2022-01-23,1.762,1.762,1.762,1.762,0.0
2022-01-24,1.783,1.783,1.707,1.774,0.0
2022-01-25,1.774,1.797,1.728,1.771,0.0
2022-01-26,1.771,1.88,1.765,1.867,0.0
2022-01-27,1.869,1.873,1.783,1.803,0.0
2022-01-28,1.807,1.853,1.771,1.773,0.0
2022-01-29,1.773,1.773,1.773,1.773,0.0
2022-01-30,1.773,1.773,1.773,1.773,0.0
2022-01-31,1.796,1.816,1.77,1.78,0.0
2022-02-01,1.78,1.82,1.741,1.791,0.0
2022-02-02,1.795,1.811,1.743,1.779,0.0
2022-02-03,1.78,1.847,1.759,1.832,0.0
2022-02-04,1.834,1.936,1.811,1.912,0.0
2022-02-05,1.912,1.912,1.912,1.912,0.0
2022-02-06,1.912,1.912,1.912,1.912,0.0
2022-02-07,1.905,1.939,1.896,1.918,0.0
2022-02-08,1.918,1.97,1.916,1.965,0.0
2022-02-09,1.963,1.965,1.911,1.94,0.0
2022-02-10,1.939,2.056,1.923,2.035,0.0
2022-02-11,2.035,2.061,1.915,1.915,0.0
2022-02-12,1.915,1.915,1.915,1.915,0.0
2022-02-13,1.915,1.915,1.915,1.915,0.0
2022-02-14,1.961,2.026,1.903,1.989,0.0
2022-02-15,1.989,2.05559993,1.97,2.04690003,0.0
2022-02-16,2.04340005,2.063,2.008,2.042,0.0
2022-02-17,2.042,2.042,1.955,1.975,0.0
2022-02-18,1.949,1.995,1.916,1.934,0.0
2022-02-19,1.934,1.934,1.934,1.934,0.0
2022-02-20,1.934,1.934,1.934,1.934,0.0
2022-02-21,1.9303,1.9303,1.89569,1.904331,0.0
2022-02-22,1.904331,1.96,1.847,1.941,0.0
2022-02-23,1.944,2.0,1.942,1.977,0.0
2022-02-24,1.967,1.979,1.847,1.967,0.0
2022-02-25,1.967,2.014,1.934,1.969,0.0
2022-02-26,1.969,1.969,1.969,1.969,0.0
2022-02-27,1.969,1.969,1.969,1.969,0.0
2022-02-28,1.903,1.925,1.818,1.827,0.0
2022-03-01,1.827,1.865,1.683,1.719,0.0
2022-03-02,1.751,1.91,1.702,1.88,0.0
2022-03-03,1.878,1.896,1.83,1.844,0.0
2022-03-04,1.842,1.847,1.7,1.736,0.0
2022-03-05,1.736,1.736,1.736,1.736,0.0
2022-03-06,1.736,1.736,1.736,1.736,0.0
2022-03-07,1.697,1.806,1.668,1.777,0.0
2022-03-08,1.779,1.878,1.758,1.851,0.0
2022-03-09,1.851,1.95,1.839,1.927,0.0
2022-03-10,1.939,2.021,1.911,1.992,0.0
2022-03-11,1.993,2.02,1.96,1.997,0.0
2022-03-12,1.997,1.997,1.997,1.997,0.0
2022-03-13,1.997,1.997,1.997,1.997,0.0
2022-03-14,2.052,2.145,2.027,2.138,0.0
2022-03-15,2.135,2.169,2.078,2.149,0.0
2022-03-16,2.149,2.23860002,2.13479996,2.18840003,0.0
2022-03-17,2.19199991,2.214,2.107,2.174,0.0
2022-03-18,2.176,2.191,2.133,2.155,0.0
2022-03-19,2.155,2.155,2.155,2.155,0.0
2022-03-20,2.155,2.155,2.155,2.155,0.0
2022-03-21,2.149,2.32,2.148,2.295,0.0
2022-03-22,2.291,2.392,2.291,2.384,0.0
2022-03-23,2.388,2.417,2.286,2.295,0.0
2022-03-24,2.293,2.396,2.29,2.375,0.0
2022-03-25,2.375,2.503,2.339,2.479,0.0
2022-03-26,2.479,2.479,2.479,2.479,0.0
2022-03-27,2.479,2.479,2.479,2.479,0.0
2022-03-28,2.462,2.557,2.414,2.462,0.0
2022-03-29,2.464,2.533,2.382,2.4,0.0
2022-03-30,2.396,2.435,2.334,2.352,0.0
2022-03-31,2.351,2.364,2.309,2.342,0.0
2022-04-01,2.342,2.454,2.325,2.386,0.0
2022-04-02,2.386,2.386,2.386,2.386,0.0
2022-04-03,2.386,2.386,2.386,2.386,0.0
2022-04-04,2.395,2.434,2.371,2.397,0.0
2022-04-05,2.401,2.567,2.384,2.551,0.0
2022-04-06,2.551,2.66,2.551,2.601,0.0
2022-04-07,2.601,2.673,2.557,2.66,0.0
2022-04-08,2.663,2.728,2.625,2.706,0.0
2022-04-09,2.706,2.706,2.706,2.706,0.0
2022-04-10,2.706,2.706,2.706,2.706,0.0
2022-04-11,2.727,2.793,2.713,2.784,0.0
2022-04-12,2.784,2.836,2.674,2.727,0.0
2022-04-13,2.727,2.788,2.648,2.704,0.0
2022-04-14,2.704,2.835,2.648,2.827,0.0
2022-04-15,2.827,2.827,2.827,2.827,0.0
2022-04-16,2.827,2.827,2.827,2.827,0.0
2022-04-17,2.827,2.827,2.827,2.827,0.0
2022-04-18,2.86,2.884,2.81,2.857,0.0
2022-04-19,2.858,2.948,2.836,2.94,0.0
2022-04-20,2.94,2.981,2.819,2.836,0.0
2022-04-21,2.834,2.952,2.832,2.913,0.0
2022-04-22,2.913,2.975,2.864,2.903,0.0
2022-04-23,2.903,2.903,2.903,2.903,0.0
2022-04-24,2.903,2.903,2.903,2.903,0.0
2022-04-25,2.882,2.895,2.76,2.824,0.0
2022-04-26,2.824,2.864,2.726,2.726,0.0
2022-04-27,2.726,2.84,2.717,2.834,0.0
2022-04-28,2.834,2.888,2.796,2.828,0.0
2022-04-29,2.826,2.943,2.819,2.939,0.0
2022-04-30,2.939,2.939,2.939,2.939,0.0
2022-05-01,2.939,2.939,2.939,2.939,0.0
2022-05-02,2.92,3.01,2.909,2.985,0.0
2022-05-03,2.99,3.01,2.915,2.975,0.0
2022-05-04,2.975,3.011,2.903,2.936,0.0
2022-05-05,2.94,3.106,2.927,3.04,0.0
2022-05-06,3.044,3.146,3.035,3.136,0.0
2022-05-07,3.136,3.136,3.136,3.136,0.0
2022-05-08,3.136,3.136,3.136,3.136,0.0
2022-05-09,3.149,3.203,3.028,3.04,0.0
2022-05-10,3.038,3.07,2.942,2.993,0.0
2022-05-11,2.997,3.074,2.907,2.927,0.0
2022-05-12,2.899,2.908,2.815,2.852,0.0
2022-05-13,2.855,2.944,2.851,2.922,0.0
2022-05-14,2.922,2.922,2.922,2.922,0.0
2022-05-15,2.922,2.922,2.922,2.922,0.0
2022-05-16,2.939,2.953,2.853,2.886,0.0
2022-05-17,2.888,2.995,2.888,2.995,0.0
2022-05-18,2.984,3.014,2.875,2.889,0.0
2022-05-19,2.889,2.92,2.774,2.837,0.0
2022-05-20,2.85,2.88,2.774,2.785,0.0
2022-05-21,2.785,2.785,2.785,2.785,0.0
2022-05-22,2.785,2.785,2.785,2.785,0.0
2022-05-23,2.815,2.873,2.799,2.855,0.0
2022-05-24,2.855,2.862,2.718,2.754,0.0
2022-05-25,2.752,2.776,2.708,2.749,0.0
2022-05-26,2.749,2.797,2.706,2.749,0.0
2022-05-27,2.751,2.768,2.709,2.743,0.0
2022-05-28,2.743,2.743,2.743,2.743,0.0
2022-05-29,2.743,2.743,2.743,2.743,0.0
2022-05-30,2.748593,2.811553,2.748593,2.806141,0.0
2022-05-31,2.806141,2.884,2.799,2.848,0.0
2022-06-01,2.846,2.951,2.835,2.911,0.0
2022-06-02,2.911,2.944,2.889,2.913,0.0
2022-06-03,2.911,2.986,2.906,2.941,0.0
2022-06-04,2.941,2.941,2.941,2.941,0.0
2022-06-05,2.941,2.941,2.941,2.941,0.0
2022-06-06,2.95,3.047,2.937,3.044,0.0
2022-06-07,3.045,3.062,2.957,2.981,0.0
2022-06-08,2.979,3.04,2.974,3.027,0.0
2022-06-09,3.025,3.073,3.007,3.047,0.0
2022-06-10,3.046,3.178,2.99,3.159,0.0
2022-06-11,3.159,3.159,3.159,3.159,0.0
2022-06-12,3.159,3.159,3.159,3.159,0.0
2022-06-13,3.176,3.44,3.157,3.366,0.0
2022-06-14,3.369,3.497,3.269,3.475,0.0
2022-06-15,3.454,3.464,3.28,3.291,0.0
2022-06-16,3.288,3.495,3.178,3.199,0.0
2022-06-17,3.195,3.311,3.193,3.231,0.0
2022-06-18,3.231,3.231,3.231,3.231,0.0
2022-06-19,3.231,3.231,3.231,3.231,0.0
2022-06-20,3.238858,3.271053,3.238858,3.265364,0.0
2022-06-21,3.265364,3.317,3.258,3.281,0.0
2022-06-22,3.281,3.283,3.124,3.162,0.0
2022-06-23,3.162,3.175,3.007,3.091,0.0
2022-06-24,3.091,3.139,3.041,3.134,0.0
2022-06-25,3.134,3.134,3.134,3.134,0.0
2022-06-26,3.134,3.134,3.134,3.134,0.0
2022-06-27,3.13,3.219,3.123,3.204,0.0
2022-06-28,3.204,3.258,3.172,3.175,0.0
2022-06-29,3.177,3.185,3.087,3.093,0.0
2022-06-30,3.093,3.108,2.97,3.017,0.0
2022-07-01,3.017,3.022,2.791,2.889,0.0
2022-07-02,2.889,2.889,2.889,2.889,0.0
2022-07-03,2.889,2.889,2.889,2.889,0.0
2022-07-04,2.904094,2.92247,2.904094,2.920631,0.0
2022-07-05,2.920631,2.978,2.78,2.809,0.0
2022-07-06,2.813,2.934,2.747,2.934,0.0
2022-07-07,2.934,3.017,2.897,3.0,0.0
2022-07-08,2.996,3.101,2.967,3.084,0.0
2022-07-09,3.084,3.084,3.084,3.084,0.0
2022-07-10,3.084,3.084,3.084,3.084,0.0
2022-07-11,3.097,3.103,2.969,2.998,0.0
2022-07-12,2.995,2.998,2.899,2.971,0.0
2022-07-13,2.974,3.071,2.9,2.937,0.0
2022-07-14,2.937,3.026,2.912,2.965,0.0
2022-07-15,2.967,2.971,2.9,2.921,0.0
2022-07-16,2.921,2.921,2.921,2.921,0.0
2022-07-17,2.921,2.921,2.921,2.921,0.0
2022-07-18,2.919,3.019,2.912,2.989,0.0
2022-07-19,2.987,3.038,2.958,3.03,0.0
2022-07-20,3.03,3.041,2.945,3.027,0.0
2022-07-21,3.028,3.081,2.871,2.878,0.0
2022-07-22,2.878,2.904,2.734,2.752,0.0
2022-07-23,2.752,2.752,2.752,2.752,0.0
2022-07-24,2.752,2.752,2.752,2.752,0.0
2022-07-25,2.787,2.845,2.772,2.8,0.0
2022-07-26,2.801,2.809,2.707,2.809,0.0
2022-07-27,2.81,2.82,2.725,2.781,0.0
2022-07-28,2.765,2.827,2.649,2.68,0.0
2022-07-29,2.676,2.728,2.618,2.654,0.0
2022-07-30,2.654,2.654,2.654,2.654,0.0
2022-07-31,2.654,2.654,2.654,2.654,0.0
2022-08-01,2.665,2.696,2.577,2.577,0.0
2022-08-02,2.575,2.772,2.516,2.75,0.0
2022-08-03,2.752,2.849,2.699,2.706,0.0
2022-08-04,2.703,2.745,2.656,2.69,0.0
2022-08-05,2.688,2.869,2.677,2.832,0.0
2022-08-06,2.832,2.832,2.832,2.832,0.0
2022-08-07,2.832,2.832,2.832,2.832,0.0
2022-08-08,2.851,2.851,2.739,2.761,0.0
2022-08-09,2.761,2.816,2.746,2.783,0.0
2022-08-10,2.783,2.816,2.675,2.785,0.0
2022-08-11,2.786,2.902,2.73,2.889,0.0
2022-08-12,2.891,2.904,2.837,2.837,0.0
2022-08-13,2.837,2.837,2.837,2.837,0.0
2022-08-14,2.837,2.837,2.837,2.837,0.0
2022-08-15,2.844,2.864,2.759,2.79,0.0
2022-08-16,2.79,2.871,2.772,2.806,0.0
2022-08-17,2.804,2.919,2.804,2.9,0.0
2022-08-18,2.902,2.913,2.835,2.886,0.0
2022-08-19,2.886,2.998,2.877,2.976,0.0
2022-08-20,2.976,2.976,2.976,2.976,0.0
2022-08-21,2.976,2.976,2.976,2.976,0.0
2022-08-22,2.991,3.04,2.943,3.018,0.0
2022-08-23,3.022,3.078,2.983,3.05,0.0
2022-08-24,3.046,3.126,3.022,3.109,0.0
2022-08-25,3.108,3.128,3.022,3.03,0.0
2022-08-26,3.041,3.087,3.007,3.043,0.0
2022-08-27,3.043,3.043,3.043,3.043,0.0
2022-08-28,3.043,3.043,3.043,3.043,0.0
2022-08-29,3.091,3.129,3.084,3.108,0.0
2022-08-30,3.108,3.153,3.052,3.106,0.0
2022-08-31,3.106,3.198,3.093,3.196,0.0
2022-09-01,3.198,3.295,3.183,3.257,0.0
2022-09-02,3.257,3.288,3.176,3.193,0.0
2022-09-03,3.193,3.193,3.193,3.193,0.0
2022-09-04,3.193,3.193,3.193,3.193,0.0
2022-09-05,3.191244,3.230956,3.191244,3.230956,0.0
2022-09-06,3.230956,3.353,3.208,3.351,0.0
2022-09-07,3.353,3.363,3.252,3.267,0.0
2022-09-08,3.269,3.328,3.201,3.319,0.0
2022-09-09,3.323,3.331,3.249,3.314,0.0
2022-09-10,3.314,3.314,3.314,3.314,0.0
2022-09-11,3.314,3.314,3.314,3.314,0.0
2022-09-12,3.317,3.377,3.262,3.36,0.0
2022-09-13,3.364,3.46,3.293,3.41,0.0
2022-09-14,3.41,3.474,3.383,3.406,0.0
2022-09-15,3.406,3.468,3.404,3.453,0.0
2022-09-16,3.453,3.49,3.415,3.451,0.0
2022-09-17,3.451,3.451,3.451,3.451,0.0
2022-09-18,3.451,3.451,3.451,3.451,0.0
2022-09-19,3.448,3.518,3.448,3.492,0.0
2022-09-20,3.494,3.604,3.473,3.565,0.0
2022-09-21,3.567,3.628,3.501,3.532,0.0
2022-09-22,3.532,3.718,3.514,3.718,0.0
2022-09-23,3.716,3.829,3.659,3.691,0.0
2022-09-24,3.691,3.691,3.691,3.691,0.0
2022-09-25,3.691,3.691,3.691,3.691,0.0
2022-09-26,3.739,3.931,3.717,3.926,0.0
2022-09-27,3.931,3.992,3.801,3.947,0.0
2022-09-28,3.945,4.019,3.697,3.737,0.0
2022-09-29,3.739,3.868,3.723,3.79,0.0
2022-09-30,3.786,3.843,3.682,3.833,0.0
2022-10-01,3.833,3.833,3.833,3.833,0.0
2022-10-02,3.833,3.833,3.833,3.833,0.0
2022-10-03,3.801,3.817,3.567,3.643,0.0
2022-10-04,3.643,3.657,3.564,3.627,0.0
2022-10-05,3.627,3.787,3.617,3.755,0.0
2022-10-06,3.739,3.844,3.733,3.828,0.0
2022-10-07,3.828,3.908,3.819,3.885,0.0
2022-10-08,3.885,3.885,3.885,3.885,0.0
2022-10-09,3.885,3.885,3.885,3.885,0.0
2022-10-10,3.885475,3.991851,3.885475,3.961053,0.0
2022-10-11,3.959,4.007,3.867,3.951,0.0
2022-10-12,3.951,3.978,3.884,3.896,0.0
2022-10-13,3.9,4.08,3.842,3.946,0.0
2022-10-14,3.95,4.031,3.85,4.022,0.0
2022-10-15,4.022,4.022,4.022,4.022,0.0
2022-10-16,4.022,4.022,4.022,4.022,0.0
2022-10-17,4.01,4.027,3.912,4.015,0.0
2022-10-18,4.015,4.067,3.963,4.011,0.0
2022-10-19,4.013,4.14,4.007,4.138,0.0
2022-10-20,4.14,4.243,4.1,4.232,0.0
2022-10-21,4.23,4.335,4.2,4.221,0.0
2022-10-22,4.221,4.221,4.221,4.221,0.0
2022-10-23,4.221,4.221,4.221,4.221,0.0
2022-10-24,4.209,4.289,4.129,4.244,0.0
2022-10-25,4.247,4.253,4.052,4.106,0.0
2022-10-26,4.104,4.113,3.997,4.007,0.0
2022-10-27,4.007,4.086,3.9,3.923,0.0
2022-10-28,3.927,4.05,3.911,4.016,0.0
2022-10-29,4.016,4.016,4.016,4.016,0.0
2022-10-30,4.016,4.016,4.016,4.016,0.0
2022-10-31,4.027,4.112,4.021,4.052,0.0
2022-11-01,4.056,4.079,3.92,4.046,0.0
2022-11-02,4.048,4.113,3.974,4.105,0.0
2022-11-03,4.109,4.221,4.086,4.149,0.0
2022-11-04,4.153,4.209,4.104,4.163,0.0
2022-11-05,4.163,4.163,4.163,4.163,0.0
2022-11-06,4.163,4.163,4.163,4.163,0.0
2022-11-07,4.161,4.224,4.125,4.216,0.0
2022-11-08,4.216,4.244,4.121,4.13,0.0
2022-11-09,4.128,4.174,4.059,4.097,0.0
2022-11-10,4.094,4.117,3.807,3.818,0.0
2022-11-11,3.822,3.881766,3.811,3.849887,0.0
2022-11-12,3.849887,3.849887,3.849887,3.849887,0.0
2022-11-13,3.849887,3.849887,3.849887,3.849887,0.0
2022-11-14,3.902,3.904,3.848,3.857,0.0
2022-11-15,3.859,3.882,3.758,3.773,0.0
2022-11-16,3.773,3.842,3.671,3.692,0.0
2022-11-17,3.692,3.805,3.681,3.771,0.0
2022-11-18,3.769,3.831,3.745,3.831,0.0
2022-11-19,3.831,3.831,3.831,3.831,0.0
2022-11-20,3.831,3.831,3.831,3.831,0.0
2022-11-21,3.81949997,3.842,3.762,3.833,0.0
2022-11-22,3.829,3.84,3.748,3.758,0.0
2022-11-23,3.76,3.829,3.691,3.698,0.0
2022-11-24,3.702,3.709351,3.65764,3.663168,0.0
2022-11-25,3.663168,3.755,3.652,3.691,0.0
2022-11-26,3.691,3.691,3.691,3.691,0.0
2022-11-27,3.691,3.691,3.691,3.691,0.0
2022-11-28,3.687,3.72,3.62,3.683,0.0
2022-11-29,3.683,3.761,3.648,3.748,0.0
2022-11-30,3.748,3.796,3.602,3.611,0.0
2022-12-01,3.607,3.64,3.505,3.51,0.0
2022-12-02,3.507,3.638,3.473,3.488,0.0
2022-12-03,3.488,3.488,3.488,3.488,0.0
2022-12-04,3.488,3.488,3.488,3.488,0.0
2022-12-05,3.526,3.612,3.502,3.575,0.0
2022-12-06,3.579,3.607,3.51,3.535,0.0
2022-12-07,3.531,3.557,3.404,3.419,0.0
2022-12-08,3.424,3.506,3.42,3.486,0.0
2022-12-09,3.486,3.595,3.452,3.584,0.0
2022-12-10,3.584,3.584,3.584,3.584,0.0
2022-12-11,3.584,3.584,3.584,3.584,0.0
2022-12-12,3.584,3.63,3.52,3.613,0.0
2022-12-13,3.613,3.63,3.421,3.505,0.0
2022-12-14,3.507,3.561,3.461,3.483,0.0
2022-12-15,3.483,3.523,3.428,3.45,0.0
2022-12-16,3.45,3.555,3.45,3.49,0.0
2022-12-17,3.49,3.49,3.49,3.49,0.0
2022-12-18,3.49,3.49,3.49,3.49,0.0
2022-12-19,3.506,3.601,3.497,3.59,0.0
2022-12-20,3.592,3.71,3.583,3.688,0.0
2022-12-21,3.686,3.72,3.621,3.664,0.0
2022-12-22,3.664,3.692,3.63,3.682,0.0
2022-12-23,3.682,3.753,3.676,3.751,0.0
2022-12-24,3.751,3.751,3.751,3.751,0.0
2022-12-25,3.751,3.751,3.751,3.751,0.0
2022-12-26,3.751,3.751,3.751,3.751,0.0
2022-12-27,3.74,3.862,3.726,3.845,0.0
2022-12-28,3.849,3.892,3.807,3.886,0.0
2022-12-29,3.883,3.886,3.816,3.818,0.0
2022-12-30,3.818,3.905,3.818,3.88,0.0
2022-12-31,3.88,3.88,3.88,3.88,0.0
2023-01-01,3.88,3.88,3.88,3.88,0.0
2023-01-02,3.831224,3.831224,3.831224,3.831224,0.0
2023-01-03,3.831224,3.848,3.724,3.743,0.0
2023-01-04,3.743,3.763,3.666,3.686,0.0
2023-01-05,3.686,3.782,3.683,3.72,0.0
2023-01-06,3.72,3.755,3.552,3.56,0.0
2023-01-07,3.56,3.56,3.56,3.56,0.0
2023-01-08,3.56,3.56,3.56,3.56,0.0
2023-01-09,3.578,3.61,3.508,3.538,0.0
2023-01-10,3.541,3.639,3.521,3.623,0.0
2023-01-11,3.623,3.626,3.528,3.545,0.0
2023-01-12,3.543,3.589,3.424,3.445,0.0
2023-01-13,3.447,3.515,3.417,3.507,0.0
2023-01-14,3.507,3.507,3.507,3.507,0.0
2023-01-15,3.507,3.507,3.507,3.507,0.0
2023-01-16,3.510857,3.544021,3.510857,3.538486,0.0
2023-01-17,3.538486,3.585,3.496,3.553,0.0
2023-01-18,3.555,3.562,3.368,3.372,0.0
2023-01-19,3.375,3.428,3.321,3.393,0.0
2023-01-20,3.393,3.499,3.391,3.484,0.0
2023-01-21,3.484,3.484,3.484,3.484,0.0
2023-01-22,3.484,3.484,3.484,3.484,0.0
2023-01-23,3.469,3.547,3.464,3.517,0.0
2023-01-24,3.517,3.554,3.455,3.455,0.0
2023-01-25,3.458,3.487,3.42,3.447,0.0
2023-01-26,3.443,3.52,3.436,3.502,0.0
2023-01-27,3.504,3.563,3.503,3.505,0.0
2023-01-28,3.505,3.505,3.505,3.505,0.0
2023-01-29,3.505,3.505,3.505,3.505,0.0
2023-01-30,3.518,3.574,3.494,3.542,0.0
2023-01-31,3.54,3.553,3.488,3.512,0.0
2023-02-01,3.512,3.52,3.387,3.42,0.0
2023-02-02,3.424,3.426,3.334,3.395,0.0
2023-02-03,3.398,3.556,3.365,3.526,0.0
2023-02-04,3.526,3.526,3.526,3.526,0.0
2023-02-05,3.526,3.526,3.526,3.526,0.0
2023-02-06,3.578,3.655,3.536,3.644,0.0
2023-02-07,3.646,3.69,3.597,3.677,0.0
2023-02-08,3.677,3.692,3.613,3.613,0.0
2023-02-09,3.612,3.688,3.575,3.664,0.0
2023-02-10,3.66,3.751,3.658,3.742,0.0
2023-02-11,3.742,3.742,3.742,3.742,0.0
2023-02-12,3.742,3.742,3.742,3.742,0.0
2023-02-13,3.745,3.755,3.702,3.705,0.0
2023-02-14,3.703,3.797,3.624,3.747,0.0
2023-02-15,3.749,3.82,3.726,3.809,0.0
2023-02-16,3.807,3.872,3.768,3.865,0.0
2023-02-17,3.867,3.927,3.815,3.822,0.0
2023-02-18,3.822,3.822,3.822,3.822,0.0
2023-02-19,3.822,3.822,3.822,3.822,0.0
2023-02-20,3.816714,3.841787,3.816714,3.841787,0.0
2023-02-21,3.841787,3.96,3.84,3.956,0.0
2023-02-22,3.956,3.968,3.892,3.919,0.0
2023-02-23,3.918,3.978,3.865,3.883,0.0
2023-02-24,3.879,3.978,3.854,3.947,0.0
2023-02-25,3.947,3.947,3.947,3.947,0.0
2023-02-26,3.947,3.947,3.947,3.947,0.0
2023-02-27,3.936,3.979,3.897,3.916,0.0
2023-02-28,3.916,3.983,3.901,3.924,0.0
2023-03-01,3.924,4.01,3.914,3.996,0.0
2023-03-02,3.998,4.089,3.991,4.062,0.0
2023-03-03,4.06,4.07,3.954,3.956,0.0
2023-03-04,3.956,3.956,3.956,3.956,0.0
2023-03-05,3.956,3.956,3.956,3.956,0.0
2023-03-06,3.954,3.989,3.897,3.964,0.0
2023-03-07,3.964,4.005,3.921,3.97,0.0
2023-03-08,3.968,4.011,3.899,3.995,0.0
2023-03-09,3.999,4.019,3.894,3.909,0.0
2023-03-10,3.905,3.913,3.674,3.703,0.0
2023-03-11,3.703,3.703,3.703,3.703,0.0
2023-03-12,3.703,3.703,3.703,3.703,0.0
2023-03-13,3.712,3.751,3.418,3.573,0.0
2023-03-14,3.577,3.697,3.466,3.693,0.0
2023-03-15,3.697,3.71,3.388,3.459,0.0
2023-03-16,3.46,3.587,3.369,3.583,0.0
2023-03-17,3.585,3.598,3.382,3.436,0.0
2023-03-18,3.436,3.436,3.436,3.436,0.0
2023-03-19,3.436,3.436,3.436,3.436,0.0
2023-03-20,3.481,3.519,3.291,3.488,0.0
2023-03-21,3.49,3.613,3.44,3.611,0.0
2023-03-22,3.617,3.644,3.432,3.438,0.0
2023-03-23,3.443,3.52,3.376,3.432,0.0
2023-03-24,3.428,3.428,3.287,3.38,0.0
2023-03-25,3.38,3.38,3.38,3.38,0.0
2023-03-26,3.38,3.38,3.38,3.38,0.0
2023-03-27,3.389,3.545,3.367,3.534,0.0
2023-03-28,3.532,3.575,3.498,3.571,0.0
2023-03-29,3.583,3.61,3.534,3.568,0.0
2023-03-30,3.568,3.596,3.536,3.553,0.0
2023-03-31,3.553,3.585,3.47,3.471,0.0
2023-04-01,3.471,3.471,3.471,3.471,0.0
2023-04-02,3.471,3.471,3.471,3.471,0.0
2023-04-03,3.524,3.545,3.402,3.417,0.0
2023-04-04,3.413,3.485,3.335,3.342,0.0
2023-04-05,3.344,3.372,3.268,3.314,0.0
2023-04-06,3.313,3.313,3.253,3.307,0.0
2023-04-07,3.307,3.415,3.298,3.413,0.0
2023-04-08,3.413,3.413,3.413,3.413,0.0
2023-04-09,3.413,3.413,3.413,3.413,0.0
2023-04-10,3.383,3.436,3.35,3.421,0.0
2023-04-11,3.424,3.454,3.383,3.43,0.0
2023-04-12,3.432,3.462,3.34,3.396,0.0
2023-04-13,3.394,3.458,3.372,3.449,0.0
2023-04-14,3.451,3.536,3.424,3.517,0.0
2023-04-15,3.517,3.517,3.517,3.517,0.0
2023-04-16,3.517,3.517,3.517,3.517,0.0
2023-04-17,3.528,3.606,3.507,3.602,0.0
2023-04-18,3.606,3.608,3.549,3.579,0.0
2023-04-19,3.581,3.639,3.577,3.595,0.0
2023-04-20,3.593,3.602,3.526,3.534,0.0
2023-04-21,3.538,3.579,3.501,3.576,0.0
2023-04-22,3.576,3.576,3.576,3.576,0.0
2023-04-23,3.576,3.576,3.576,3.576,0.0
2023-04-24,3.568,3.57,3.492,3.494,0.0
2023-04-25,3.496,3.496,3.379,3.403,0.0
2023-04-26,3.405,3.456,3.375,3.45,0.0
2023-04-27,3.452,3.538,3.433,3.524,0.0
2023-04-28,3.522,3.549,3.422,3.428,0.0
2023-04-29,3.428,3.428,3.428,3.428,0.0
2023-04-30,3.428,3.428,3.428,3.428,0.0
2023-05-01,3.452,3.608,3.448,3.574,0.0
2023-05-02,3.572,3.572,3.424,3.43,0.0
2023-05-03,3.43,3.441,3.341,3.341,0.0
2023-05-04,3.345,3.411,3.298,3.382,0.0
2023-05-05,3.386,3.465,3.377,3.441,0.0
2023-05-06,3.441,3.441,3.441,3.441,0.0
2023-05-07,3.441,3.441,3.441,3.441,0.0
2023-05-08,3.445,3.52,3.424,3.511,0.0
2023-05-09,3.511,3.532,3.479,3.522,0.0
2023-05-10,3.524,3.528,3.431,3.443,0.0
2023-05-11,3.446,3.446,3.345,3.388,0.0
2023-05-12,3.388,3.47,3.369,3.47,0.0
2023-05-13,3.47,3.47,3.47,3.47,0.0
2023-05-14,3.47,3.47,3.47,3.47,0.0
2023-05-15,3.47,3.511,3.457,3.508,0.0
2023-05-16,3.506,3.574,3.457,3.54,0.0
2023-05-17,3.538,3.589,3.515,3.57,0.0
2023-05-18,3.57,3.657,3.547,3.65,0.0
2023-05-19,3.651,3.719,3.619,3.678,0.0
2023-05-20,3.678,3.678,3.678,3.678,0.0
2023-05-21,3.678,3.678,3.678,3.678,0.0
2023-05-22,3.669,3.728,3.642,3.719,0.0
2023-05-23,3.721,3.761,3.696,3.696,0.0
2023-05-24,3.696,3.748,3.669,3.746,0.0
2023-05-25,3.744,3.827,3.73,3.823,0.0
2023-05-26,3.821,3.859,3.777,3.81,0.0
2023-05-27,3.81,3.81,3.81,3.81,0.0
2023-05-28,3.81,3.81,3.81,3.81,0.0
2023-05-29,3.79639,3.79639,3.769292,3.773159,0.0
2023-05-30,3.773159,3.773159,3.681,3.69,0.0
2023-05-31,3.688,3.694,3.614,3.646,0.0
2023-06-01,3.646,3.689,3.57,3.599,0.0
2023-06-02,3.601,3.7,3.601,3.696,0.0
2023-06-03,3.696,3.696,3.696,3.696,0.0
2023-06-04,3.696,3.696,3.696,3.696,0.0
2023-06-05,3.706,3.762,3.66,3.685,0.0
2023-06-06,3.687,3.735,3.654,3.662,0.0
2023-06-07,3.658,3.801,3.656,3.799,0.0
2023-06-08,3.797,3.821,3.708,3.722,0.0
2023-06-09,3.722,3.778,3.718,3.743,0.0
2023-06-10,3.743,3.743,3.743,3.743,0.0
2023-06-11,3.743,3.743,3.743,3.743,0.0
2023-06-12,3.741,3.794,3.711,3.739,0.0
2023-06-13,3.739,3.845,3.684,3.819,0.0
2023-06-14,3.817,3.849,3.771,3.792,0.0
2023-06-15,3.794,3.845,3.707,3.72,0.0
2023-06-16,3.72,3.806,3.719,3.769,0.0
2023-06-17,3.769,3.769,3.769,3.769,0.0
2023-06-18,3.769,3.769,3.769,3.769,0.0
2023-06-19,3.767159,3.821667,3.767159,3.821667,0.0
2023-06-20,3.821667,3.821667,3.701,3.725,0.0
2023-06-21,3.723,3.791,3.713,3.725,0.0
2023-06-22,3.727,3.808,3.711,3.799,0.0
2023-06-23,3.799,3.799,3.692,3.737,0.0
2023-06-24,3.737,3.737,3.737,3.737,0.0
2023-06-25,3.737,3.737,3.737,3.737,0.0
2023-06-26,3.717,3.737,3.679,3.725,0.0
2023-06-27,3.725,3.776,3.694,3.768,0.0
2023-06-28,3.77,3.772,3.706,3.71,0.0
2023-06-29,3.708,3.868,3.706,3.842,0.0
2023-06-30,3.842,3.89,3.805,3.843,0.0
2023-07-01,3.843,3.843,3.843,3.843,0.0
2023-07-02,3.843,3.843,3.843,3.843,0.0
2023-07-03,3.841,3.868,3.78,3.858,0.0
2023-07-04,3.858,3.860415,3.856485,3.860415,0.0
2023-07-05,3.860415,3.945,3.831,3.936,0.0
2023-07-06,3.934,4.081,3.934,4.035,0.0
2023-07-07,4.035,4.094,4.006,4.07,0.0
2023-07-08,4.07,4.07,4.07,4.07,0.0
2023-07-09,4.07,4.07,4.07,4.07,0.0
2023-07-10,4.072,4.09,3.986,3.998,0.0
2023-07-11,4.0,4.004,3.95,3.974,0.0
2023-07-12,3.972,3.976,3.844,3.859,0.0
2023-07-13,3.863,3.865,3.758,3.769,0.0
2023-07-14,3.767,3.836,3.76,3.834,0.0
2023-07-15,3.834,3.834,3.834,3.834,0.0
2023-07-16,3.834,3.834,3.834,3.834,0.0
2023-07-17,3.819,3.836,3.773,3.811,0.0
2023-07-18,3.813,3.815,3.735,3.789,0.0
2023-07-19,3.793,3.797,3.729,3.752,0.0
2023-07-20,3.752,3.872,3.746,3.854,0.0
2023-07-21,3.856,3.861,3.809,3.841,0.0
2023-07-22,3.841,3.841,3.841,3.841,0.0
2023-07-23,3.841,3.841,3.841,3.841,0.0
2023-07-24,3.849,3.878,3.792,3.878,0.0
2023-07-25,3.876,3.92,3.859,3.888,0.0
2023-07-26,3.89,3.904,3.847,3.871,0.0
2023-07-27,3.871,4.022,3.841,4.004,0.0
2023-07-28,4.004,4.043,3.939,3.953,0.0
2023-07-29,3.953,3.953,3.953,3.953,0.0
2023-07-30,3.953,3.953,3.953,3.953,0.0
2023-07-31,3.973,4.003,3.929,3.965,0.0
2023-08-01,3.961,4.057,3.951,4.027,0.0
2023-08-02,4.023,4.126,4.011,4.084,0.0
2023-08-03,4.082,4.198,4.08,4.181,0.0
2023-08-04,4.181,4.204,4.038,4.04,0.0
2023-08-05,4.04,4.04,4.04,4.04,0.0
2023-08-06,4.04,4.04,4.04,4.04,0.0
2023-08-07,4.046,4.123,4.046,4.095,0.0
2023-08-08,4.097,4.097,3.984,4.026,0.0
2023-08-09,4.026,4.044,3.99,4.016,0.0
2023-08-10,4.012,4.113,3.957,4.109,0.0
2023-08-11,4.111,4.178,4.082,4.158,0.0
2023-08-12,4.158,4.158,4.158,4.158,0.0
2023-08-13,4.158,4.158,4.158,4.158,0.0
2023-08-14,4.176,4.215,4.148,4.197,0.0
2023-08-15,4.195,4.274,4.168,4.217,0.0
2023-08-16,4.217,4.278,4.17,4.252,0.0
2023-08-17,4.254,4.328,4.25,4.28,0.0
2023-08-18,4.278,4.284,4.215,4.257,0.0
2023-08-19,4.257,4.257,4.257,4.257,0.0
2023-08-20,4.257,4.257,4.257,4.257,0.0
2023-08-21,4.257,4.354,4.257,4.342,0.0
2023-08-22,4.344,4.362,4.306,4.328,0.0
2023-08-23,4.326,4.332,4.184,4.198,0.0
2023-08-24,4.194,4.243,4.176,4.241,0.0
2023-08-25,4.239,4.283,4.204,4.239,0.0
2023-08-26,4.239,4.239,4.239,4.239,0.0
2023-08-27,4.239,4.239,4.239,4.239,0.0
2023-08-28,4.247,4.255,4.196,4.208,0.0
2023-08-29,4.204,4.241,4.106,4.122,0.0
2023-08-30,4.126,4.159,4.087,4.118,0.0
2023-08-31,4.12,4.122,4.077,4.11,0.0
2023-09-01,4.11,4.2,4.06,4.181,0.0
2023-09-02,4.181,4.181,4.181,4.181,0.0
2023-09-03,4.181,4.181,4.181,4.181,0.0
2023-09-04,4.19099998,4.21299982,4.18599987,4.21099997,0.0
2023-09-05,4.20800018,4.27699995,4.20300007,4.26370001,0.0
2023-09-06,4.26569986,4.305,4.238,4.284,0.0
2023-09-07,4.28,4.308,4.248,4.248,0.0
2023-09-08,4.25,4.268,4.211,4.268,0.0
2023-09-09,4.268,4.268,4.268,4.268,0.0
2023-09-10,4.268,4.268,4.268,4.268,0.0
2023-09-11,4.286,4.304,4.272,4.294,0.0
2023-09-12,4.292,4.3,4.264,4.284,0.0
2023-09-13,4.282,4.352,4.237,4.254,0.0
2023-09-14,4.252,4.298,4.221,4.292,0.0
2023-09-15,4.292,4.336,4.273,4.334,0.0
2023-09-16,4.334,4.334,4.334,4.334,0.0
2023-09-17,4.334,4.334,4.334,4.334,0.0
2023-09-18,4.341,4.357,4.303,4.307,0.0
2023-09-19,4.303,4.371,4.301,4.361,0.0
2023-09-20,4.359,4.411,4.313,4.411,0.0
2023-09-21,4.411,4.498,4.399,4.496,0.0
2023-09-22,4.496,4.509,4.424,4.436,0.0
2023-09-23,4.436,4.436,4.436,4.436,0.0
2023-09-24,4.436,4.436,4.436,4.436,0.0
2023-09-25,4.45,4.548,4.45,4.537,0.0
2023-09-26,4.537,4.564,4.483,4.536,0.0
2023-09-27,4.55,4.643,4.491,4.61,0.0
2023-09-28,4.612,4.688,4.573,4.577,0.0
2023-09-29,4.577,4.602,4.508,4.575,0.0
2023-09-30,4.575,4.575,4.575,4.575,0.0
2023-10-01,4.575,4.575,4.575,4.575,0.0
2023-10-02,4.614,4.701,4.604,4.681,0.0
2023-10-03,4.681,4.81,4.664,4.798,0.0
2023-10-04,4.795,4.884,4.72,4.735,0.0
2023-10-05,4.733,4.775,4.702,4.719,0.0
2023-10-06,4.719,4.887,4.713,4.805,0.0
2023-10-07,4.805,4.805,4.805,4.805,0.0
2023-10-08,4.805,4.805,4.805,4.805,0.0
2023-10-09,4.796684,4.796684,4.638302,4.638302,0.0
2023-10-10,4.63,4.715,4.62,4.657,0.0
2023-10-11,4.653,4.657,4.544,4.56,0.0
2023-10-12,4.558,4.728,4.532,4.701,0.0
2023-10-13,4.703,4.703,4.588,4.612,0.0
2023-10-14,4.612,4.612,4.612,4.612,0.0
2023-10-15,4.612,4.612,4.612,4.612,0.0
2023-10-16,4.654,4.725,4.648,4.708,0.0
2023-10-17,4.708,4.862,4.7,4.836,0.0
2023-10-18,4.838,4.928,4.813,4.917,0.0
2023-10-19,4.919,4.996,4.894,4.992,0.0
2023-10-20,4.994,5.001,4.892,4.918,0.0
2023-10-21,4.918,4.918,4.918,4.918,0.0
2023-10-22,4.918,4.918,4.918,4.918,0.0
2023-10-23,4.95,5.021,4.831,4.852,0.0
2023-10-24,4.852,4.889,4.802,4.825,0.0
2023-10-25,4.825,4.966,4.808,4.957,0.0
2023-10-26,4.961,4.989,4.838,4.847,0.0
2023-10-27,4.849,4.892,4.83,4.839,0.0
2023-10-28,4.839,4.839,4.839,4.839,0.0
2023-10-29,4.839,4.839,4.839,4.839,0.0
2023-10-30,4.877,4.92,4.837,4.894,0.0
2023-10-31,4.898,4.933,4.805,4.933,0.0
2023-11-01,4.935,4.935,4.734,4.734,0.0
2023-11-02,4.738,4.749,4.628,4.661,0.0
2023-11-03,4.663,4.6789999,4.484,4.574,0.0
2023-11-04,4.574,4.574,4.574,4.574,0.0
2023-11-05,4.574,4.574,4.574,4.574,0.0
2023-11-06,4.591,4.666,4.577,4.645,0.0
2023-11-07,4.647,4.662,4.546,4.571,0.0
2023-11-08,4.566,4.614,4.488,4.495,0.0
2023-11-09,4.492,4.654,4.473,4.628,0.0
2023-11-10,4.632,4.654,4.567,4.652,0.0
2023-11-11,4.652,4.652,4.652,4.652,0.0
2023-11-12,4.652,4.652,4.652,4.652,0.0
2023-11-13,4.646,4.694,4.624,4.642,0.0
2023-11-14,4.642,4.656,4.434,4.451,0.0
2023-11-15,4.451,4.559,4.428,4.533,0.0
2023-11-16,4.537,4.537,4.432,4.437,0.0
2023-11-17,4.439,4.469,4.381,4.439,0.0
2023-11-18,4.439,4.439,4.439,4.439,0.0
2023-11-19,4.439,4.439,4.439,4.439,0.0
2023-11-20,4.465,4.486,4.41,4.424,0.0
2023-11-21,4.42,4.443,4.385,4.395,0.0
2023-11-22,4.391,4.447,4.363,4.408,0.0
2023-11-23,4.408,4.411962,4.408,4.411962,0.0
2023-11-24,4.411962,4.492,4.411962,4.472,0.0
2023-11-25,4.472,4.472,4.472,4.472,0.0
2023-11-26,4.472,4.472,4.472,4.472,0.0
2023-11-27,4.494,4.514,4.381,4.388,0.0
2023-11-28,4.392,4.422,4.321,4.323,0.0
2023-11-29,4.325,4.326,4.253,4.259,0.0
2023-11-30,4.255,4.367,4.247,4.328,0.0
2023-12-01,4.328,4.349,4.197,4.197,0.0
2023-12-02,4.197,4.197,4.197,4.197,0.0
2023-12-03,4.197,4.197,4.197,4.197,0.0
2023-12-04,4.232,4.297,4.224,4.257,0.0
2023-12-05,4.257,4.264,4.163,4.167,0.0
2023-12-06,4.167,4.205,4.106,4.106,0.0
2023-12-07,4.108,4.184,4.104,4.151,0.0
2023-12-08,4.148,4.278,4.147,4.229,0.0
2023-12-09,4.229,4.229,4.229,4.229,0.0
2023-12-10,4.229,4.229,4.229,4.229,0.0
2023-12-11,4.241,4.295,4.231,4.235,0.0
2023-12-12,4.235,4.25,4.153,4.203,0.0
2023-12-13,4.201,4.21,4.007,4.02,0.0
2023-12-14,4.018,4.024,3.887,3.923,0.0
2023-12-15,3.923,3.971,3.894,3.913,0.0
2023-12-16,3.913,3.913,3.913,3.913,0.0
2023-12-17,3.913,3.913,3.913,3.913,0.0
2023-12-18,3.931,3.969,3.892,3.935,0.0
2023-12-19,3.935,3.952,3.894,3.933,0.0
2023-12-20,3.931,3.931,3.849,3.851,0.0
2023-12-21,3.849,3.905,3.831,3.892,0.0
2023-12-22,3.89,3.919,3.848,3.901,0.0
2023-12-23,3.901,3.901,3.901,3.901,0.0
2023-12-24,3.901,3.901,3.901,3.901,0.0
2023-12-25,3.901,3.901,3.901,3.901,0.0
2023-12-26,3.9,3.91,3.878,3.899,0.0
2023-12-27,3.899,3.902,3.783,3.798,0.0
2023-12-28,3.789,3.859,3.789,3.844,0.0
2023-12-29,3.848,3.896,3.833,3.866,0.0
2023-12-30,3.866,3.866,3.866,3.866,0.0
2023-12-31,3.866,3.866,3.866,3.866,0.0
2024-01-01,3.866,3.866,3.866,3.866,0.0
2024-01-02,3.866005,4.024,3.866,3.935,0.0
2024-01-03,3.933,4.01,3.896,3.92,0.0
2024-01-04,3.92,4.006,3.901,4.001,0.0
2024-01-05,4.004,4.101,3.955,4.05,0.0
2024-01-06,4.05,4.05,4.05,4.05,0.0
2024-01-07,4.05,4.05,4.05,4.05,0.0
2024-01-08,4.046,4.08,3.966,4.032,0.0
2024-01-09,4.03,4.053,3.996,4.015,0.0
2024-01-10,4.015,4.044,3.979,4.03,0.0
2024-01-11,4.032,4.068,3.968,3.968,0.0
2024-01-12,3.966,4.005,3.916,3.941,0.0
2024-01-13,3.941,3.941,3.941,3.941,0.0
2024-01-14,3.941,3.941,3.941,3.941,0.0
2024-01-15,3.941,3.941,3.941,3.941,0.0
2024-01-16,3.952141,4.083,3.952141,4.062,0.0
2024-01-17,4.062,4.129,4.037,4.106,0.0
2024-01-18,4.104,4.154,4.071,4.146,0.0
2024-01-19,4.144,4.196,4.123,4.126,0.0
2024-01-20,4.126,4.126,4.126,4.126,0.0
2024-01-21,4.126,4.126,4.126,4.126,0.0
2024-01-22,4.13,4.14,4.075,4.109,0.0
2024-01-23,4.107,4.155,4.088,4.132,0.0
2024-01-24,4.128,4.186,4.086,4.18,0.0
2024-01-25,4.178,4.192,4.12,4.12,0.0
2024-01-26,4.12,4.166,4.093,4.141,0.0
2024-01-27,4.141,4.141,4.141,4.141,0.0
2024-01-28,4.141,4.141,4.141,4.141,0.0
2024-01-29,4.137,4.145,4.059,4.076,0.0
2024-01-30,4.078,4.103,4.034,4.034,0.0
2024-01-31,4.036,4.041,3.912,3.916,0.0
2024-02-01,3.914,3.958,3.817,3.882,0.0
2024-02-02,3.884,4.054,3.874,4.024,0.0
2024-02-03,4.024,4.024,4.024,4.024,0.0
2024-02-04,4.024,4.024,4.024,4.024,0.0
2024-02-05,4.069,4.177,4.06,4.16,0.0
2024-02-06,4.158,4.169,4.079,4.102,0.0
2024-02-07,4.102,4.135,4.067,4.123,0.0
2024-02-08,4.123,4.172,4.088,4.154,0.0
2024-02-09,4.158,4.195,4.127,4.177,0.0
2024-02-10,4.177,4.177,4.177,4.177,0.0
2024-02-11,4.177,4.177,4.177,4.177,0.0
2024-02-12,4.185,4.197,4.148,4.181,0.0
2024-02-13,4.179,4.328,4.15,4.318,0.0
2024-02-14,4.314,4.332,4.246,4.259,0.0
2024-02-15,4.257,4.261,4.187,4.236,0.0
2024-02-16,4.236,4.328,4.236,4.283,0.0
2024-02-17,4.283,4.283,4.283,4.283,0.0
2024-02-18,4.283,4.283,4.283,4.283,0.0
2024-02-19,4.283,4.283,4.283,4.283,0.0
2024-02-20,4.292931,4.319,4.244,4.279,0.0
2024-02-21,4.279,4.331,4.252,4.319,0.0
2024-02-22,4.319,4.354,4.295,4.327,0.0
2024-02-23,4.323,4.35200024,4.246,4.252,0.0
2024-02-24,4.252,4.252,4.252,4.252,0.0
2024-02-25,4.252,4.252,4.252,4.252,0.0
2024-02-26,4.238,4.307,4.219,4.283,0.0
2024-02-27,4.285,4.321,4.258,4.303,0.0
2024-02-28,4.303,4.307,4.264,4.266,0.0
2024-02-29,4.268,4.319,4.225,4.252,0.0
2024-03-01,4.254,4.296,4.178,4.184,0.0
2024-03-02,4.184,4.184,4.184,4.184,0.0
2024-03-03,4.184,4.184,4.184,4.184,0.0
2024-03-04,4.197,4.235,4.19,4.217,0.0
2024-03-05,4.213,4.223,4.112,4.154,0.0
2024-03-06,4.153,4.17,4.081,4.106,0.0
2024-03-07,4.106,4.127,4.054,4.087,0.0
2024-03-08,4.088,4.131,4.038,4.079,0.0
2024-03-09,4.079,4.079,4.079,4.079,0.0
2024-03-10,4.079,4.079,4.079,4.079,0.0
2024-03-11,4.081,4.116,4.054,4.1,0.0
2024-03-12,4.098,4.17,4.081,4.153,0.0
2024-03-13,4.157,4.198,4.131,4.192,0.0
2024-03-14,4.19,4.3,4.186,4.292,0.0
2024-03-15,4.294,4.32,4.269,4.31,0.0
2024-03-16,4.31,4.31,4.31,4.31,0.0
2024-03-17,4.31,4.31,4.31,4.31,0.0
2024-03-18,4.312,4.348,4.29,4.324,0.0
2024-03-19,4.328,4.336,4.289,4.293,0.0
2024-03-20,4.295,4.324,4.233,4.277,0.0
2024-03-21,4.277,4.293,4.218,4.271,0.0
2024-03-22,4.273,4.273,4.198,4.202,0.0
2024-03-23,4.202,4.202,4.202,4.202,0.0
2024-03-24,4.202,4.202,4.202,4.202,0.0
2024-03-25,4.194,4.261,4.19,4.247,0.0
2024-03-26,4.249,4.273,4.222,4.234,0.0
2024-03-27,4.234,4.242,4.184,4.192,0.0
2024-03-28,4.192,4.238,4.183,4.206,0.0
2024-03-29,4.206,4.206,4.206,4.206,0.0
2024-03-30,4.206,4.206,4.206,4.206,0.0
2024-03-31,4.206,4.206,4.206,4.206,0.0
2024-04-01,4.2,4.337,4.189,4.313,0.0
2024-04-02,4.313,4.405,4.303,4.353,0.0
2024-04-03,4.353,4.429,4.343,4.349,0.0
2024-04-04,4.345,4.381,4.299,4.313,0.0
2024-04-05,4.307,4.406,4.306,4.404,0.0
2024-04-06,4.404,4.404,4.404,4.404,0.0
2024-04-07,4.404,4.404,4.404,4.404,0.0
2024-04-08,4.414,4.462,4.406,4.422,0.0
2024-04-09,4.422,4.432,4.354,4.366,0.0
2024-04-10,4.366,4.568,4.342,4.544,0.0
2024-04-11,4.548,4.593,4.513,4.591,0.0
2024-04-12,4.593,4.593,4.483,4.526,0.0
2024-04-13,4.526,4.526,4.526,4.526,0.0
2024-04-14,4.526,4.526,4.526,4.526,0.0
2024-04-15,4.528,4.663,4.52,4.606,0.0
2024-04-16,4.606,4.696,4.591,4.669,0.0
2024-04-17,4.672,4.682,4.577,4.589,0.0
2024-04-18,4.591,4.651,4.561,4.635,0.0
2024-04-19,4.637,4.637,4.496,4.623,0.0
2024-04-20,4.623,4.623,4.623,4.623,0.0
2024-04-21,4.623,4.623,4.623,4.623,0.0
2024-04-22,4.643,4.668,4.608,4.611,0.0
2024-04-23,4.611,4.652,4.57,4.602,0.0
2024-04-24,4.605,4.669,4.602,4.644,0.0
2024-04-25,4.644,4.739,4.619,4.706,0.0
2024-04-26,4.706,4.715,4.642,4.667,0.0
2024-04-27,4.667,4.667,4.667,4.667,0.0
2024-04-28,4.667,4.667,4.667,4.667,0.0
2024-04-29,4.655,4.659,4.607,4.616,0.0
2024-04-30,4.612,4.692,4.603,4.684,0.0
2024-05-01,4.684,4.695,4.583,4.632,0.0
2024-05-02,4.632,4.651,4.569,4.583,0.0
2024-05-03,4.589,4.635,4.455,4.512,0.0
2024-05-04,4.512,4.512,4.512,4.512,0.0
2024-05-05,4.512,4.512,4.512,4.512,0.0
2024-05-06,4.498,4.543,4.469,4.489,0.0
2024-05-07,4.489,4.496,4.42,4.459,0.0
2024-05-08,4.461,4.5,4.457,4.496,0.0
2024-05-09,4.5,4.52,4.447,4.457,0.0
2024-05-10,4.455,4.508,4.443,4.5,0.0
2024-05-11,4.5,4.5,4.5,4.5,0.0
2024-05-12,4.5,4.5,4.5,4.5,0.0
2024-05-13,4.49,4.496,4.459,4.488,0.0
2024-05-14,4.49,4.534,4.441,4.443,0.0
2024-05-15,4.441,4.449,4.34,4.344,0.0
2024-05-16,4.34,4.383,4.313,4.375,0.0
2024-05-17,4.375,4.426,4.363,4.422,0.0
2024-05-18,4.422,4.422,4.422,4.422,0.0
2024-05-19,4.422,4.422,4.422,4.422,0.0
2024-05-20,4.416,4.455,4.406,4.449,0.0
2024-05-21,4.449,4.451,4.398,4.414,0.0
2024-05-22,4.412,4.461,4.41,4.426,0.0
2024-05-23,4.426,4.496,4.41,4.477,0.0
2024-05-24,4.481,4.5,4.461,4.467,0.0
2024-05-25,4.467,4.467,4.467,4.467,0.0
2024-05-26,4.467,4.467,4.467,4.467,0.0
2024-05-27,4.467,4.467,4.467,4.467,0.0
2024-05-28,4.466921,4.554,4.445,4.554,0.0
2024-05-29,4.552,4.638,4.542,4.616,0.0
2024-05-30,4.614,4.628,4.542,4.55,0.0
2024-05-31,4.55,4.572,4.485,4.502,0.0
2024-06-01,4.502,4.502,4.502,4.502,0.0
2024-06-02,4.502,4.502,4.502,4.502,0.0
2024-06-03,4.497,4.501,4.39,4.392,0.0
2024-06-04,4.392,4.414,4.314,4.33,0.0
2024-06-05,4.332,4.359,4.275,4.277,0.0
2024-06-06,4.277,4.32,4.277,4.289,0.0
2024-06-07,4.287,4.435,4.287,4.435,0.0
2024-06-08,4.435,4.435,4.435,4.435,0.0
2024-06-09,4.435,4.435,4.435,4.435,0.0
2024-06-10,4.451,4.479,4.441,4.471,0.0
2024-06-11,4.471,4.471,4.394,4.406,0.0
2024-06-12,4.406,4.426,4.25,4.316,0.0
2024-06-13,4.318,4.328,4.223,4.246,0.0
2024-06-14,4.246,4.271,4.19,4.223,0.0
2024-06-15,4.223,4.223,4.223,4.223,0.0
2024-06-16,4.223,4.223,4.223,4.223,0.0
2024-06-17,4.242,4.293,4.23,4.281,0.0
2024-06-18,4.285,4.3,4.207,4.223,0.0
2024-06-19,4.223,4.223,4.223,4.223,0.0
2024-06-20,4.214949,4.294,4.214949,4.263,0.0
2024-06-21,4.261,4.277,4.219,4.257,0.0
2024-06-22,4.257,4.257,4.257,4.257,0.0
2024-06-23,4.257,4.257,4.257,4.257,0.0
2024-06-24,4.255,4.275,4.226,4.234,0.0
2024-06-25,4.234,4.257,4.211,4.25,0.0
2024-06-26,4.248,4.331,4.246,4.331,0.0
2024-06-27,4.331,4.347,4.277,4.284,0.0
2024-06-28,4.286,4.402,4.261,4.4,0.0
2024-06-29,4.4,4.4,4.4,4.4,0.0
2024-06-30,4.4,4.4,4.4,4.4,0.0
2024-07-01,4.41,4.493,4.386,4.465,0.0
2024-07-02,4.465,4.471,4.414,4.434,0.0
2024-07-03,4.432,4.445,4.339,4.355,0.0
2024-07-04,4.355,4.355,4.355,4.355,0.0
2024-07-05,4.374,4.402,4.271,4.282,0.0
2024-07-06,4.282,4.282,4.282,4.282,0.0
2024-07-07,4.282,4.282,4.282,4.282,0.0
2024-07-08,4.304,4.317,4.265,4.282,0.0
2024-07-09,4.28,4.327,4.274,4.3,0.0
2024-07-10,4.3,4.312,4.267,4.288,0.0
2024-07-11,4.282,4.315,4.168,4.214,0.0
2024-07-12,4.214,4.241,4.179,4.187,0.0
2024-07-13,4.187,4.187,4.187,4.187,0.0
2024-07-14,4.187,4.187,4.187,4.187,0.0
2024-07-15,4.235,4.249,4.198,4.233,0.0
2024-07-16,4.233,4.233,4.156,4.16,0.0
2024-07-17,4.16,4.196,4.144,4.159,0.0
2024-07-18,4.159,4.206,4.157,4.204,0.0
2024-07-19,4.202,4.249,4.184,4.241,0.0
2024-07-20,4.241,4.241,4.241,4.241,0.0
2024-07-21,4.241,4.241,4.241,4.241,0.0
2024-07-22,4.217,4.278,4.206,4.254,0.0
2024-07-23,4.254,4.256,4.221,4.253,0.0
2024-07-24,4.253,4.292,4.21,4.288,0.0
2024-07-25,4.288,4.29,4.196,4.245,0.0
2024-07-26,4.245,4.264,4.19,4.194,0.0
2024-07-27,4.194,4.194,4.194,4.194,0.0
2024-07-28,4.194,4.194,4.194,4.194,0.0
2024-07-29,4.186,4.186,4.151,4.176,0.0
2024-07-30,4.178,4.188,4.132,4.141,0.0
2024-07-31,4.141,4.155,4.032,4.033,0.0
2024-08-01,4.032,4.066,3.966,3.978,0.0
2024-08-02,3.978,3.982,3.787,3.794,0.0
2024-08-03,3.794,3.794,3.794,3.794,0.0
2024-08-04,3.794,3.794,3.794,3.794,0.0
2024-08-05,3.732,3.83,3.667,3.792,0.0
2024-08-06,3.794,3.909,3.779,3.896,0.0
2024-08-07,3.896,3.977,3.89,3.943,0.0
2024-08-08,3.947,4.022,3.894,3.992,0.0
2024-08-09,3.992,3.993,3.921,3.944,0.0
2024-08-10,3.944,3.944,3.944,3.944,0.0
2024-08-11,3.944,3.944,3.944,3.944,0.0
2024-08-12,3.942,3.967,3.896,3.907,0.0
2024-08-13,3.905,3.925,3.845,3.845,0.0
2024-08-14,3.845,3.886,3.811,3.837,0.0
2024-08-15,3.837,3.953,3.828,3.915,0.0
2024-08-16,3.915,3.925,3.864,3.884,0.0
2024-08-17,3.884,3.884,3.884,3.884,0.0
2024-08-18,3.884,3.884,3.884,3.884,0.0
2024-08-19,3.905,3.905,3.852,3.871,0.0
2024-08-20,3.875,3.886,3.809,3.809,0.0
2024-08-21,3.81,3.833,3.763,3.803,0.0
2024-08-22,3.803,3.877,3.788,3.856,0.0
2024-08-23,3.856,3.86,3.791,3.801,0.0
2024-08-24,3.801,3.801,3.801,3.801,0.0
2024-08-25,3.801,3.801,3.801,3.801,0.0
2024-08-26,3.784,3.822,3.774,3.818,0.0
2024-08-27,3.818,3.867,3.81,3.822,0.0
2024-08-28,3.825,3.848,3.806,3.839,0.0
2024-08-29,3.839,3.888,3.816,3.863,0.0
2024-08-30,3.863,3.928,3.852,3.907,0.0
2024-08-31,3.907,3.907,3.907,3.907,0.0
2024-09-01,3.907,3.907,3.907,3.907,0.0
2024-09-02,3.907,3.907,3.907,3.907,0.0
2024-09-03,3.918758,3.932,3.825,3.833,0.0
2024-09-04,3.833,3.842,3.753,3.757,0.0
2024-09-05,3.759,3.774,3.723,3.731,0.0
2024-09-06,3.731,3.77,3.65,3.712,0.0
2024-09-07,3.712,3.712,3.712,3.712,0.0
2024-09-08,3.712,3.712,3.712,3.712,0.0
2024-09-09,3.734,3.763,3.693,3.702,0.0
2024-09-10,3.702,3.723,3.637,3.644,0.0
2024-09-11,3.646,3.689,3.605,3.655,0.0
2024-09-12,3.655,3.704,3.64,3.678,0.0
2024-09-13,3.68,3.68,3.625,3.655,0.0
2024-09-14,3.655,3.655,3.655,3.655,0.0
2024-09-15,3.655,3.655,3.655,3.655,0.0
2024-09-16,3.648,3.663,3.618,3.618,0.0
2024-09-17,3.621,3.655,3.599,3.649,0.0
2024-09-18,3.647,3.719,3.634,3.706,0.0
2024-09-19,3.708,3.768,3.691,3.715,0.0
2024-09-20,3.715,3.764,3.7,3.741,0.0
2024-09-21,3.741,3.741,3.741,3.741,0.0
2024-09-22,3.741,3.741,3.741,3.741,0.0
2024-09-23,3.756,3.794,3.73,3.753,0.0
2024-09-24,3.753,3.808,3.726,3.73,0.0
2024-09-25,3.732,3.792,3.726,3.787,0.0
2024-09-26,3.787,3.821,3.754,3.8,0.0
2024-09-27,3.798,3.81,3.741,3.754,0.0
2024-09-28,3.754,3.754,3.754,3.754,0.0
2024-09-29,3.754,3.754,3.754,3.754,0.0
2024-09-30,3.758,3.806,3.749,3.783,0.0
2024-10-01,3.785,3.79,3.698,3.732,0.0
2024-10-02,3.733,3.817,3.724,3.783,0.0
2024-10-03,3.783,3.855,3.783,3.848,0.0
2024-10-04,3.846,3.985,3.834,3.969,0.0
2024-10-05,3.969,3.969,3.969,3.969,0.0
2024-10-06,3.969,3.969,3.969,3.969,0.0
2024-10-07,3.987,4.033,3.967,4.028,0.0
2024-10-08,4.029,4.057,3.996,4.016,0.0
2024-10-09,4.016,4.078,4.006,4.075,0.0
2024-10-10,4.075,4.12,4.053,4.065,0.0
2024-10-11,4.065,4.118,4.061,4.104,0.0
2024-10-12,4.104,4.104,4.104,4.104,0.0
2024-10-13,4.104,4.104,4.104,4.104,0.0
2024-10-14,4.104,4.104,4.104,4.104,0.0
2024-10-15,4.112081,4.112081,4.026,4.036,0.0
2024-10-16,4.034,4.043,3.995,4.018,0.0
2024-10-17,4.018,4.1,4.018,4.093,0.0
2024-10-18,4.093,4.118,4.065,4.085,0.0
2024-10-19,4.085,4.085,4.085,4.085,0.0
2024-10-20,4.085,4.085,4.085,4.085,0.0
2024-10-21,4.093,4.198,4.077,4.196,0.0
2024-10-22,4.198,4.222,4.166,4.21,0.0
2024-10-23,4.212,4.26,4.208,4.248,0.0
2024-10-24,4.25,4.25,4.182,4.214,0.0
2024-10-25,4.212,4.25,4.176,4.242,0.0
2024-10-26,4.242,4.242,4.242,4.242,0.0
2024-10-27,4.242,4.242,4.242,4.242,0.0
2024-10-28,4.276,4.3,4.232,4.284,0.0
2024-10-29,4.284,4.337,4.256,4.256,0.0
2024-10-30,4.256,4.304,4.198,4.3,0.0
2024-10-31,4.3,4.333,4.26,4.286,0.0
2024-11-01,4.286,4.388,4.224,4.386,0.0
2024-11-02,4.386,4.386,4.386,4.386,0.0
2024-11-03,4.386,4.386,4.386,4.386,0.0
2024-11-04,4.303,4.329,4.265,4.289,0.0
2024-11-05,4.289,4.366,4.275,4.275,0.0
2024-11-06,4.271,4.479,4.265,4.435,0.0
2024-11-07,4.433,4.453,4.312,4.328,0.0
2024-11-08,4.33,4.353,4.264,4.308,0.0
2024-11-09,4.308,4.308,4.308,4.308,0.0
2024-11-10,4.308,4.308,4.308,4.308,0.0
2024-11-11,4.308,4.308,4.308,4.308,0.0
2024-11-12,4.335458,4.443,4.314,4.429,0.0
2024-11-13,4.431,4.461,4.357,4.451,0.0
2024-11-14,4.453,4.483,4.386,4.439,0.0
2024-11-15,4.437,4.505,4.402,4.441,0.0
2024-11-16,4.441,4.441,4.441,4.441,0.0
2024-11-17,4.441,4.441,4.441,4.441,0.0
2024-11-18,4.447,4.491,4.41,4.416,0.0
2024-11-19,4.418,4.418,4.339,4.398,0.0
2024-11-20,4.4,4.438,4.388,4.414,0.0
2024-11-21,4.414,4.44,4.379,4.426,0.0
2024-11-22,4.42,4.43,4.383,4.404,0.0
2024-11-23,4.404,4.404,4.404,4.404,0.0
2024-11-24,4.404,4.404,4.404,4.404,0.0
2024-11-25,4.343,4.369,4.261,4.277,0.0
2024-11-26,4.277,4.324,4.273,4.308,0.0
2024-11-27,4.304,4.31,4.227,4.265,0.0
2024-11-28,4.265,4.265,4.265,4.265,0.0
2024-11-29,4.249803,4.254,4.17,4.18,0.0
2024-11-30,4.18,4.18,4.18,4.18,0.0
2024-12-01,4.18,4.18,4.18,4.18,0.0
2024-12-02,4.211,4.248,4.174,4.194,0.0
2024-12-03,4.194,4.238,4.165,4.228,0.0
2024-12-04,4.228,4.279,4.176,4.18,0.0
2024-12-05,4.182,4.224,4.174,4.178,0.0
2024-12-06,4.18,4.222,4.126,4.155,0.0
2024-12-07,4.155,4.155,4.155,4.155,0.0
2024-12-08,4.155,4.155,4.155,4.155,0.0
2024-12-09,4.151,4.203,4.136,4.203,0.0
2024-12-10,4.203,4.246,4.184,4.228,0.0
2024-12-11,4.23,4.277,4.201,4.273,0.0
2024-12-12,4.273,4.34,4.269,4.336,0.0
2024-12-13,4.32,4.407,4.312,4.397,0.0
2024-12-14,4.397,4.397,4.397,4.397,0.0
2024-12-15,4.397,4.397,4.397,4.397,0.0
2024-12-16,4.389,4.411,4.363,4.403,0.0
2024-12-17,4.397,4.442,4.375,4.395,0.0
2024-12-18,4.391,4.522,4.381,4.52,0.0
2024-12-19,4.512,4.594,4.502,4.566,0.0
2024-12-20,4.554,4.566,4.486,4.53,0.0
2024-12-21,4.53,4.53,4.53,4.53,0.0
2024-12-22,4.53,4.53,4.53,4.53,0.0
2024-12-23,4.53,4.599,4.518,4.589,0.0
2024-12-24,4.585,4.629,4.581,4.585,0.0
2024-12-25,4.585,4.585,4.585,4.585,0.0
2024-12-26,4.599,4.639,4.573,4.585,0.0
2024-12-27,4.587,4.631,4.573,4.629,0.0
2024-12-28,4.629,4.629,4.629,4.629,0.0
2024-12-29,4.629,4.629,4.629,4.629,0.0
2024-12-30,4.627,4.629,4.535,4.535,0.0
2024-12-31,4.515,4.587,4.507,4.573,0.0
2025-01-01,4.573,4.573,4.573,4.573,0.0
2025-01-02,4.571,4.599,4.517,4.563,0.0
2025-01-03,4.545,4.604,4.535,4.602,0.0
2025-01-04,4.602,4.602,4.602,4.602,0.0
2025-01-05,4.602,4.602,4.602,4.602,0.0
2025-01-06,4.628,4.642,4.575,4.624,0.0
2025-01-07,4.63,4.699,4.606,4.685,0.0
2025-01-08,4.681,4.73,4.665,4.693,0.0
2025-01-09,4.685,4.691,4.642,4.689,0.0
2025-01-10,4.677,4.788,4.677,4.763,0.0
2025-01-11,4.763,4.763,4.763,4.763,0.0
2025-01-12,4.763,4.763,4.763,4.763,0.0
2025-01-13,4.798,4.805,4.759,4.79,0.0
2025-01-14,4.768,4.809,4.751,4.794,0.0
2025-01-15,4.786,4.788,4.637,4.653,0.0
2025-01-16,4.659,4.694,4.588,4.613,0.0
2025-01-17,4.617,4.637,4.566,4.623,0.0
2025-01-18,4.623,4.623,4.623,4.623,0.0
2025-01-19,4.623,4.623,4.623,4.623,0.0
2025-01-20,4.623,4.623,4.623,4.623,0.0
2025-01-21,4.552,4.591,4.532,4.574,0.0
2025-01-22,4.593,4.617,4.556,4.613,0.0
2025-01-23,4.605,4.664,4.597,4.646,0.0
2025-01-24,4.642,4.66,4.605,4.617,0.0
2025-01-25,4.617,4.617,4.617,4.617,0.0
2025-01-26,4.617,4.617,4.617,4.617,0.0
2025-01-27,4.597,4.601,4.498,4.534,0.0
2025-01-28,4.557,4.579,4.532,4.536,0.0
2025-01-29,4.536,4.591,4.512,4.532,0.0
2025-01-30,4.543,4.545,4.488,4.52,0.0
2025-01-31,4.525,4.581,4.5,4.543,0.0
2025-02-01,4.543,4.543,4.543,4.543,0.0
2025-02-02,4.543,4.543,4.543,4.543,0.0
2025-02-03,4.559,4.567,4.462,4.553,0.0
2025-02-04,4.565,4.598,4.509,4.513,0.0
2025-02-05,4.525,4.529,4.4,4.424,0.0
2025-02-06,4.426,4.46,4.412,4.436,0.0
2025-02-07,4.436,4.513,4.4,4.493,0.0
2025-02-08,4.493,4.493,4.493,4.493,0.0
2025-02-09,4.493,4.493,4.493,4.493,0.0
2025-02-10,4.485,4.509,4.46,4.501,0.0
2025-02-11,4.513,4.547,4.509,4.539,0.0
2025-02-12,4.541,4.66,4.527,4.627,0.0
2025-02-13,4.617,4.619,4.515,4.533,0.0
2025-02-14,4.533,4.546,4.447,4.478,0.0
2025-02-15,4.478,4.478,4.478,4.478,0.0
2025-02-16,4.478,4.478,4.478,4.478,0.0
2025-02-17,4.478,4.478,4.478,4.478,0.0
2025-02-18,4.492,4.56,4.488,4.552,0.0
2025-02-19,4.558,4.576,4.529,4.535,0.0
2025-02-20,4.533,4.535,4.492,4.509,0.0
2025-02-21,4.507,4.511,4.406,4.431,0.0
2025-02-22,4.431,4.431,4.431,4.431,0.0
2025-02-23,4.431,4.431,4.431,4.431,0.0
2025-02-24,4.447,4.456,4.389,4.4,0.0
2025-02-25,4.394,4.394,4.285,4.298,0.0
2025-02-26,4.287,4.339,4.245,4.256,0.0
2025-02-27,4.269,4.313,4.26,4.266,0.0
2025-02-28,4.26,4.277,4.195,4.203,0.0
2025-03-01,4.203,4.203,4.203,4.203,0.0
2025-03-02,4.203,4.203,4.203,4.203,0.0
2025-03-03,4.24,4.263,4.148,4.159,0.0
2025-03-04,4.14,4.252,4.108,4.242,0.0
2025-03-05,4.229,4.294,4.187,4.28,0.0
2025-03-06,4.301,4.344,4.267,4.278,0.0
2025-03-07,4.28,4.328,4.211,4.305,0.0
2025-03-08,4.305,4.305,4.305,4.305,0.0
2025-03-09,4.305,4.305,4.305,4.305,0.0
2025-03-10,4.267,4.297,4.2,4.219,0.0
2025-03-11,4.198,4.293,4.152,4.284,0.0
2025-03-12,4.272,4.33,4.253,4.316,0.0
2025-03-13,4.314,4.353,4.259,4.27,0.0
2025-03-14,4.278,4.324,4.278,4.32,0.0
2025-03-15,4.32,4.32,4.32,4.32,0.0
2025-03-16,4.32,4.32,4.32,4.32,0.0
2025-03-17,4.297,4.331,4.258,4.299,0.0
2025-03-18,4.3,4.339,4.268,4.285,0.0
2025-03-19,4.293,4.323,4.243,4.247,0.0
2025-03-20,4.241,4.25,4.174,4.241,0.0
2025-03-21,4.235,4.256,4.202,4.25,0.0
2025-03-22,4.25,4.25,4.25,4.25,0.0
2025-03-23,4.25,4.25,4.25,4.25,0.0
2025-03-24,4.269,4.34,4.269,4.338,0.0
2025-03-25,4.335,4.369,4.3,4.317,0.0
2025-03-26,4.329,4.362,4.315,4.354,0.0
2025-03-27,4.344,4.4,4.342,4.361,0.0
2025-03-28,4.354,4.359,4.249,4.251,0.0
2025-03-29,4.251,4.251,4.251,4.251,0.0
2025-03-30,4.251,4.251,4.251,4.251,0.0
2025-03-31,4.203,4.257,4.184,4.211,0.0
2025-04-01,4.215,4.217,4.133,4.161,0.0
2025-04-02,4.194,4.236,4.112,4.127,0.0
2025-04-03,4.061,4.1,4.002,4.038,0.0
2025-04-04,4.039,4.041,3.86,4.0,0.0
2025-04-05,4.0,4.0,4.0,4.0,0.0
2025-04-06,4.0,4.0,4.0,4.0,0.0
2025-04-07,3.897,4.226,3.884,4.203,0.0
2025-04-08,4.187,4.304,4.126,4.291,0.0
2025-04-09,4.353,4.513,4.301,4.328,0.0
2025-04-10,4.318,4.431,4.26,4.425,0.0
2025-04-11,4.474,4.59,4.386,4.497,0.0
2025-04-12,4.497,4.497,4.497,4.497,0.0
2025-04-13,4.497,4.497,4.497,4.497,0.0
2025-04-14,4.48,4.489,4.36,4.384,0.0
2025-04-15,4.388,4.407,4.308,4.339,0.0
2025-04-16,4.321,4.352,4.263,4.281,0.0
2025-04-17,4.29,4.342,4.278,4.333,0.0
2025-04-18,4.333,4.333,4.333,4.333,0.0
2025-04-19,4.333,4.333,4.333,4.333,0.0
2025-04-20,4.333,4.333,4.333,4.333,0.0
2025-04-21,4.344,4.418,4.333,4.417,0.0
2025-04-22,4.405,4.438,4.371,4.401,0.0
2025-04-23,4.356,4.399,4.259,4.385,0.0
2025-04-24,4.364,4.371,4.305,4.315,0.0
2025-04-25,4.321,4.33,4.235,4.255,0.0
2025-04-26,4.255,4.255,4.255,4.255,0.0
2025-04-27,4.255,4.255,4.255,4.255,0.0
2025-04-28,4.241,4.295,4.204,4.206,0.0
2025-04-29,4.218,4.247,4.164,4.172,0.0
2025-04-30,4.166,4.227,4.135,4.168,0.0
2025-05-01,4.181,4.241,4.124,4.216,0.0
2025-05-02,4.212,4.332,4.196,4.308,0.0
2025-05-03,4.308,4.308,4.308,4.308,0.0
2025-05-04,4.308,4.308,4.308,4.308,0.0
2025-05-05,4.314,4.371,4.289,4.349,0.0
2025-05-06,4.347,4.378,4.297,4.298,0.0
2025-05-07,4.32,4.335,4.262,4.269,0.0
2025-05-08,4.275,4.398,4.269,4.38,0.0
2025-05-09,4.38,4.398,4.345,4.382,0.0
2025-05-10,4.382,4.382,4.382,4.382,0.0
2025-05-11,4.382,4.382,4.382,4.382,0.0
2025-05-12,4.412,4.479,4.402,4.473,0.0
2025-05-13,4.461,4.505,4.426,4.471,0.0
2025-05-14,4.479,4.544,4.447,4.542,0.0
2025-05-15,4.546,4.548,4.43,4.431,0.0
2025-05-16,4.437,4.497,4.39,4.445,0.0
2025-05-17,4.445,4.445,4.445,4.445,0.0
2025-05-18,4.445,4.445,4.445,4.445,0.0
2025-05-19,4.477,4.564,4.445,4.449,0.0
2025-05-20,4.455,4.525,4.43,4.485,0.0
2025-05-21,4.517,4.609,4.507,4.597,0.0
2025-05-22,4.603,4.627,4.529,4.529,0.0
2025-05-23,4.533,4.541,4.448,4.509,0.0
2025-05-24,4.509,4.509,4.509,4.509,0.0
2025-05-25,4.509,4.509,4.509,4.509,0.0
2025-05-26,4.509,4.509,4.509,4.509,0.0
2025-05-27,4.499,4.505,4.428,4.448,0.0
2025-05-28,4.454,4.501,4.438,4.475,0.0
2025-05-29,4.509,4.539,4.418,4.426,0.0
2025-05-30,4.426,4.442,4.387,4.398,0.0
2025-05-31,4.398,4.398,4.398,4.398,0.0
2025-06-01,4.398,4.398,4.398,4.398,0.0
2025-06-02,4.418,4.47,4.41,4.442,0.0
2025-06-03,4.448,4.474,4.406,4.458,0.0
2025-06-04,4.446,4.468,4.349,4.357,0.0
2025-06-05,4.363,4.402,4.32,4.391,0.0
2025-06-06,4.395,4.514,4.375,4.508,0.0
2025-06-07,4.508,4.508,4.508,4.508,0.0
2025-06-08,4.508,4.508,4.508,4.508,0.0
2025-06-09,4.51,4.518,4.47,4.476,0.0
2025-06-10,4.48,4.49,4.44,4.474,0.0
2025-06-11,4.464,4.506,4.406,4.42,0.0
2025-06-12,4.414,4.42,4.343,4.365,0.0
2025-06-13,4.332,4.448,4.316,4.409,0.0
2025-06-14,4.409,4.409,4.409,4.409,0.0
2025-06-15,4.409,4.409,4.409,4.409,0.0
2025-06-16,4.42,4.462,4.403,4.45,0.0
2025-06-17,4.43,4.446,4.381,4.387,0.0
2025-06-18,4.395,4.413,4.344,4.391,0.0
2025-06-19,4.391,4.391,4.391,4.391,0.0
2025-06-20,4.391,4.442,4.363,4.377,0.0
2025-06-21,4.377,4.377,4.377,4.377,0.0
2025-06-22,4.377,4.377,4.377,4.377,0.0
2025-06-23,4.383,4.407,4.291,4.342,0.0
2025-06-24,4.351,4.369,4.285,4.296,0.0
2025-06-25,4.296,4.336,4.277,4.291,0.0
2025-06-26,4.279,4.293,4.24,4.246,0.0
2025-06-27,4.253,4.293,4.24,4.275,0.0
2025-06-28,4.275,4.275,4.275,4.275,0.0
2025-06-29,4.275,4.275,4.275,4.275,0.0
2025-06-30,4.281,4.291,4.222,4.232,0.0
2025-07-01,4.234,4.277,4.187,4.242,0.0
2025-07-02,4.246,4.308,4.242,4.283,0.0
2025-07-03,4.265,4.364,4.249,4.348,0.0
2025-07-04,4.348,4.348,4.348,4.348,0.0
2025-07-05,4.348,4.348,4.348,4.348,0.0
2025-07-06,4.348,4.348,4.348,4.348,0.0
2025-07-07,4.328,4.399,4.322,4.383,0.0
2025-07-08,4.383,4.435,4.379,4.403,0.0
2025-07-09,4.407,4.421,4.332,4.336,0.0
2025-07-10,4.336,4.375,4.322,4.35,0.0
2025-07-11,4.354,4.427,4.34,4.417,0.0
2025-07-12,4.417,4.417,4.417,4.417,0.0
2025-07-13,4.417,4.417,4.417,4.417,0.0
2025-07-14,4.421,4.447,4.403,4.437,0.0
2025-07-15,4.431,4.491,4.395,4.491,0.0
2025-07-16,4.495,4.495,4.437,4.459,0.0
2025-07-17,4.467,4.493,4.429,4.455,0.0
2025-07-18,4.443,4.451,4.414,4.42,0.0
2025-07-19,4.42,4.42,4.42,4.42,0.0
2025-07-20,4.42,4.42,4.42,4.42,0.0
2025-07-21,4.426,4.428,4.352,4.38,0.0
2025-07-22,4.38,4.396,4.33,4.348,0.0
2025-07-23,4.362,4.396,4.354,4.384,0.0
2025-07-24,4.386,4.44,4.384,4.4,0.0
2025-07-25,4.4,4.428,4.382,4.386,0.0
2025-07-26,4.386,4.386,4.386,4.386,0.0
2025-07-27,4.386,4.386,4.386,4.386,0.0
2025-07-28,4.404,4.42,4.368,4.414,0.0
2025-07-29,4.408,4.42,4.32,4.324,0.0
2025-07-30,4.324,4.382,4.316,4.372,0.0
2025-07-31,4.368,4.382,4.328,4.382,0.0
2025-08-01,4.376,4.414,4.202,4.216,0.0
2025-08-02,4.216,4.216,4.216,4.216,0.0
2025-08-03,4.216,4.216,4.216,4.216,0.0
2025-08-04,4.218,4.257,4.194,4.194,0.0
2025-08-05,4.188,4.226,4.186,4.208,0.0
2025-08-06,4.218,4.281,4.212,4.232,0.0
2025-08-07,4.242,4.258,4.219,4.248,0.0
2025-08-08,4.25,4.289,4.242,4.285,0.0
2025-08-09,4.285,4.285,4.285,4.285,0.0
2025-08-10,4.285,4.285,4.285,4.285,0.0
2025-08-11,4.273,4.287,4.256,4.279,0.0
2025-08-12,4.289,4.318,4.246,4.289,0.0
2025-08-13,4.3,4.302,4.227,4.236,0.0
2025-08-14,4.238,4.297,4.204,4.289,0.0
2025-08-15,4.285,4.332,4.269,4.322,0.0
2025-08-16,4.322,4.322,4.322,4.322,0.0
2025-08-17,4.322,4.322,4.322,4.322,0.0
2025-08-18,4.32,4.353,4.289,4.335,0.0
2025-08-19,4.332,4.347,4.298,4.31,0.0
2025-08-20,4.308,4.324,4.277,4.291,0.0
2025-08-21,4.295,4.347,4.289,4.328,0.0
2025-08-22,4.324,4.339,4.242,4.256,0.0
2025-08-23,4.256,4.256,4.256,4.256,0.0
2025-08-24,4.256,4.256,4.256,4.256,0.0
2025-08-25,4.269,4.295,4.263,4.277,0.0
2025-08-26,4.265,4.312,4.252,4.265,0.0
2025-08-27,4.269,4.289,4.232,4.238,0.0
2025-08-28,4.236,4.25,4.203,4.205,0.0
2025-08-29,4.211,4.242,4.207,4.232,0.0
2025-08-30,4.232,4.232,4.232,4.232,0.0
2025-08-31,4.232,4.232,4.232,4.232,0.0
2025-09-01,4.232,4.232,4.232,4.232,0.0
2025-09-02,4.258,4.306,4.244,4.265,0.0
2025-09-03,4.273,4.3,4.203,4.217,0.0
2025-09-04,4.215,4.223,4.157,4.161,0.0
2025-09-05,4.157,4.168,4.063,4.076,0.0
2025-09-06,4.076,4.076,4.076,4.076,0.0
2025-09-07,4.076,4.076,4.076,4.076,0.0
2025-09-08,4.095,4.103,4.038,4.042,0.0
2025-09-09,4.042,4.093,4.04,4.086,0.0
2025-09-10,4.091,4.095,4.026,4.045,0.0
2025-09-11,4.053,4.07,3.996,4.026,0.0
2025-09-12,4.03,4.083,4.026,4.068,0.0
2025-09-13,4.068,4.068,4.068,4.068,0.0
2025-09-14,4.068,4.068,4.068,4.068,0.0
2025-09-15,4.078,4.087,4.03,4.038,0.0
2025-09-16,4.037,4.062,4.022,4.032,0.0
2025-09-17,4.028,4.095,3.992,4.087,0.0
2025-09-18,4.079,4.137,4.043,4.11,0.0
2025-09-19,4.11,4.145,4.106,4.133,0.0
2025-09-20,4.133,4.133,4.133,4.133,0.0
2025-09-21,4.133,4.133,4.133,4.133,0.0
2025-09-22,4.137,4.152,4.122,4.147,0.0
2025-09-23,4.141,4.149,4.106,4.106,0.0
2025-09-24,4.102,4.152,4.098,4.149,0.0
2025-09-25,4.141,4.199,4.135,4.176,0.0
2025-09-26,4.177,4.197,4.154,4.174,0.0
2025-09-27,4.174,4.174,4.174,4.174,0.0
2025-09-28,4.174,4.174,4.174,4.174,0.0
2025-09-29,4.168,4.168,4.135,4.141,0.0
2025-09-30,4.144,4.16,4.106,4.154,0.0
2025-10-01,4.158,4.168,4.088,4.1,0.0
2025-10-02,4.094,4.125,4.083,4.085,0.0
2025-10-03,4.088,4.125,4.079,4.121,0.0
2025-10-04,4.121,4.121,4.121,4.121,0.0
2025-10-05,4.121,4.121,4.121,4.121,0.0
2025-10-06,4.142,4.168,4.133,4.158,0.0
2025-10-07,4.162,4.177,4.113,4.125,0.0
2025-10-08,4.135,4.136,4.098,4.123,0.0
2025-10-09,4.113,4.152,4.107,4.142,0.0
2025-10-10,4.136,4.14,4.032,4.059,0.0
2025-10-11,4.059,4.059,4.059,4.059,0.0
2025-10-12,4.059,4.059,4.059,4.059,0.0
2025-10-13,4.059,4.059,4.059,4.059,0.0
2025-10-14,4.063,4.067,3.998,4.032,0.0
2025-10-15,4.028,4.047,4.001,4.028,0.0
2025-10-16,4.028,4.051,3.967,3.975,0.0
2025-10-17,3.959,4.016,3.936,4.011,0.0
2025-10-18,4.011,4.011,4.011,4.011,0.0
2025-10-19,4.011,4.011,4.011,4.011,0.0
2025-10-20,4.014,4.026,3.982,3.982,0.0
2025-10-21,3.98,3.991,3.947,3.965,0.0
2025-10-22,3.957,3.978,3.936,3.953,0.0
2025-10-23,3.947,4.007,3.947,4.003,0.0
2025-10-24,4.005,4.02,3.966,4.003,0.0
2025-10-25,4.003,4.003,4.003,4.003,0.0
2025-10-26,4.003,4.003,4.003,4.003,0.0
2025-10-27,4.028,4.043,3.976,3.987,0.0
2025-10-28,3.983,4.004,3.97,3.978,0.0
2025-10-29,3.977,4.082,3.974,4.078,0.0
2025-10-30,4.078,4.116,4.058,4.097,0.0
2025-10-31,4.101,4.116,4.077,4.081,0.0
2025-11-01,4.081,4.081,4.081,4.081,0.0
2025-11-02,4.081,4.081,4.081,4.081,0.0
2025-11-03,4.101,4.12,4.081,4.108,0.0
2025-11-04,4.108,4.114,4.079,4.083,0.0
2025-11-05,4.083,4.163,4.054,4.161,0.0
2025-11-06,4.153,4.153,4.077,4.087,0.0
2025-11-07,4.093,4.112,4.066,4.093,0.0
2025-11-08,4.093,4.093,4.093,4.093,0.0
2025-11-09,4.093,4.093,4.093,4.093,0.0
2025-11-10,4.13,4.147,4.097,4.12,0.0
2025-11-11,4.12,4.12,4.12,4.12,0.0
2025-11-12,4.077,4.095,4.056,4.065,0.0
2025-11-13,4.081,4.123,4.073,4.115,0.0
2025-11-14,4.121,4.152,4.065,4.148,0.0
2025-11-15,4.148,4.148,4.148,4.148,0.0
2025-11-16,4.148,4.148,4.148,4.148,0.0
2025-11-17,4.15,4.158,4.115,4.139,0.0
2025-11-18,4.142,4.142,4.084,4.117,0.0
2025-11-19,4.113,4.141,4.098,4.139,0.0
2025-11-20,4.146,4.168,4.084,4.086,0.0
2025-11-21,4.094,4.102,4.036,4.067,0.0
2025-11-22,4.067,4.067,4.067,4.067,0.0
2025-11-23,4.067,4.067,4.067,4.067,0.0
2025-11-24,4.059,4.069,4.027,4.031,0.0
2025-11-25,4.029,4.046,3.988,4.0,0.0
2025-11-26,4.008,4.042,3.992,3.992,0.0
2025-11-27,3.992,3.992,3.992,3.992,0.0
2025-11-28,4.007,4.034,3.962,4.017,0.0
2025-11-29,4.017,4.017,4.017,4.017,0.0
2025-11-30,4.017,4.017,4.017,4.017,0.0
2025-12-01,4.032,4.096,4.027,4.09,0.0
2025-12-02,4.09,4.116,4.081,4.09,0.0
2025-12-03,4.085,4.088,4.05,4.063,0.0
2025-12-04,4.075,4.112,4.073,4.1,0.0
2025-12-05,4.1,4.143,4.088,4.139,0.0
2025-12-06,4.139,4.139,4.139,4.139,0.0
2025-12-07,4.139,4.139,4.139,4.139,0.0
2025-12-08,4.135,4.192,4.129,4.17,0.0
2025-12-09,4.166,4.192,4.141,4.19,0.0
2025-12-10,4.186,4.209,4.137,4.155,0.0
2025-12-11,4.137,4.159,4.1,4.153,0.0
2025-12-12,4.151,4.198,4.147,4.186,0.0
2025-12-13,4.186,4.186,4.186,4.186,0.0
2025-12-14,4.186,4.186,4.186,4.186,0.0
2025-12-15,4.182,4.188,4.151,4.178,0.0
2025-12-16,4.17,4.198,4.141,4.147,0.0
2025-12-17,4.151,4.182,4.143,4.153,0.0
2025-12-18,4.139,4.147,4.108,4.124,0.0
2025-12-19,4.128,4.157,4.128,4.149,0.0
2025-12-20,4.149,4.149,4.149,4.149,0.0
2025-12-21,4.149,4.149,4.149,4.149,0.0
2025-12-22,4.155,4.175,4.155,4.165,0.0
2025-12-23,4.167,4.202,4.139,4.167,0.0
2025-12-24,4.159,4.171,4.132,4.135,0.0
2025-12-25,4.135,4.135,4.135,4.135,0.0
2025-12-26,4.139,4.155,4.11,4.132,0.0
2025-12-27,4.132,4.132,4.132,4.132,0.0
2025-12-28,4.132,4.132,4.132,4.132,0.0
2025-12-29,4.13,4.139,4.104,4.112,0.0
2025-12-30,4.106,4.143,4.104,4.126,0.0
2025-12-31,4.132,4.171,4.104,4.163,0.0
